company,listed_on,issue_price,listing_close,listing_gain,detail_url,year
Prince Pipes & Fittings Ltd.,"Mon, Dec 30, 2019",₹178,₹166.9,-6.24%,https://www.chittorgarh.com/ipo/prince-pipes-ipo/1027/,2019
Manaksia Ltd.,"Thu, Dec 26, 2019",₹160,₹167.7,4.81%,https://www.chittorgarh.com/ipo/manaksia_ipo/148/,2019
Ujjivan Small Finance Bank Ltd.,"Thu, Dec 12, 2019",₹37,₹55.95,51.22%,https://www.chittorgarh.com/ipo/ujjivan-bank-ipo/1023/,2019
CSB Bank Ltd.,"Wed, Dec 4, 2019",₹195,₹300.05,53.87%,https://www.chittorgarh.com/ipo/csb-bank-ipo/1021/,2019
Precision Pipes & Profiles Co.Ltd.,"Mon, Dec 2, 2019",₹150,₹136.1,-9.27%,https://www.chittorgarh.com/ipo/precision_pipes_ipo/149/,2019
Vishwaraj Sugar Industries Ltd.,"Tue, Oct 15, 2019",₹60,₹60.35,0.58%,https://www.chittorgarh.com/ipo/vishwaraj-ipo/1016/,2019
Indian Railway Catering & Tourism Corp.Ltd.,"Mon, Oct 14, 2019",₹320,₹727.75,127.42%,https://www.chittorgarh.com/ipo/irctc-ipo/1018/,2019
Sterling & Wilson Solar Ltd.,"Tue, Aug 20, 2019",₹780,₹726.2,-6.9%,https://www.chittorgarh.com/ipo/sterling-and-wilson-ipo/1007/,2019
Spandana Sphoorty Financial Ltd.,"Mon, Aug 19, 2019",₹856,₹847.8,-0.96%,https://www.chittorgarh.com/ipo/spandana-sphoorty-ipo/1006/,2019
Affle (India) Ltd.,"Thu, Aug 8, 2019",₹745,₹873.65,17.27%,https://www.chittorgarh.com/ipo/affle-ipo/1005/,2019
IndiaMART InterMESH Ltd.,"Thu, Jul 4, 2019",₹973,₹1301.95,33.81%,https://www.chittorgarh.com/ipo/india-mart-ipo/998/,2019
Barak Valley Cements Ltd.,"Mon, Jul 1, 2019",₹42,₹55.3,31.67%,https://www.chittorgarh.com/ipo/barak_valley_cements_ipo/134/,2019
Neogen Chemicals Ltd.,"Wed, May 8, 2019",₹215,₹263.55,22.58%,https://www.chittorgarh.com/ipo/neogen-chemicals-ipo/984/,2019
Polycab India Ltd.,"Tue, Apr 16, 2019",₹538,₹654.8,21.71%,https://www.chittorgarh.com/ipo/polycab-ipo/979/,2019
Metropolis Healthcare Ltd.,"Mon, Apr 15, 2019",₹880,₹959.85,9.07%,https://www.chittorgarh.com/ipo/metropolis-ipo/978/,2019
Rail Vikas Nigam Ltd.,"Thu, Apr 11, 2019",₹19,₹19.05,0.26%,https://www.chittorgarh.com/ipo/rail-vikas-ipo/980/,2019
Embassy Office Parks,"Mon, Apr 1, 2019",₹300,₹314.67,4.89%,https://www.chittorgarh.com/ipo/embassy-office-parks/971/,2019
MSTC Ltd.,"Fri, Mar 29, 2019",₹120,₹113.95,-5.04%,https://www.chittorgarh.com/ipo/mstc-limited-ipo/969/,2019
Chalet Hotels Ltd.,"Thu, Feb 7, 2019",₹280,₹291.7,4.18%,https://www.chittorgarh.com/ipo/chalet-hotels-ipo/917/,2019
Xelpmoc Design & Tech Ltd.,"Mon, Feb 4, 2019",₹66,₹59.85,-9.32%,https://www.chittorgarh.com/ipo/xelpmoc-design-tech-ipo/936/,2019
Mrs.Bectors Food Specialities Ltd.,"Thu, Dec 24, 2020",₹288,₹594.2,106.32%,https://www.chittorgarh.com/ipo/mrs-bectors-food-ipo/1077/,2020
Burger King India Ltd.,"Mon, Dec 14, 2020",₹60,₹135,125%,https://www.chittorgarh.com/ipo/burger-king-ipo/1075/,2020
Gland Pharma Ltd.,"Fri, Nov 20, 2020",₹1500,₹1819.55,21.3%,https://www.chittorgarh.com/ipo/gland-pharma-ipo/1072/,2020
Equitas Small Finance Bank Ltd.,"Mon, Nov 2, 2020",₹33,₹32.8,-0.61%,https://www.chittorgarh.com/ipo/equitas-small-finance-bank-ipo/1040/,2020
Likhitha Infrastructure Ltd.,"Thu, Oct 15, 2020",₹120,₹136.5,13.75%,https://www.chittorgarh.com/ipo/likhitha-infrastructure-ipo/1062/,2020
UTI Asset Management Co.Ltd.,"Mon, Oct 12, 2020",₹554,₹476.2,-14.04%,https://www.chittorgarh.com/ipo/uti-amc-ipo/1052/,2020
Mazagon Dock Shipbuilders Ltd.,"Mon, Oct 12, 2020",₹145,₹171.95,18.59%,https://www.chittorgarh.com/ipo/mazagon-dock-ipo/1064/,2020
Angel Broking Ltd.,"Mon, Oct 5, 2020",₹306,₹275.8,-9.87%,https://www.chittorgarh.com/ipo/angel-broking-ipo/1057/,2020
Computer Age Management Services Ltd.,"Thu, Oct 1, 2020",₹1230,₹1401.6,13.95%,https://www.chittorgarh.com/ipo/cams-ipo/1055/,2020
Chemcon Speciality Chemicals Ltd.,"Thu, Oct 1, 2020",₹340,₹584.8,72%,https://www.chittorgarh.com/ipo/chemcon-ipo/1060/,2020
Route Mobile Ltd.,"Mon, Sep 21, 2020",₹350,₹651.3,86.09%,https://www.chittorgarh.com/ipo/route-mobile-ipo/1058/,2020
Happiest Minds Technologies Ltd.,"Thu, Sep 17, 2020",₹166,₹370.95,123.46%,https://www.chittorgarh.com/ipo/happiest-minds-ipo/1056/,2020
Mindspace Business Parks,"Fri, Aug 7, 2020",₹275,₹303.7,10.44%,https://www.chittorgarh.com/ipo/mindspace-business-reit/1051/,2020
Yes Bank Ltd.,"Mon, Jul 27, 2020",₹12,₹12.3,2.5%,https://www.chittorgarh.com/ipo/yes-bank-fpo/1050/,2020
Rossari Biotech Ltd.,"Thu, Jul 23, 2020",₹425,₹741.65,74.51%,https://www.chittorgarh.com/ipo/rossari-biotech-ipo/1049/,2020
SBI Cards & Payment Services Ltd.,"Mon, Mar 16, 2020",₹755,₹681.4,-9.75%,https://www.chittorgarh.com/ipo/sbi-cards-ipo/1025/,2020
CMS Info Systems Ltd.,"Fri, Dec 31, 2021",₹216,₹238.2,10.28%,https://www.chittorgarh.com/ipo/cms-info-systems-ipo/1203/,2021
Supriya Lifescience Ltd.,"Tue, Dec 28, 2021",₹274,₹390.85,42.65%,https://www.chittorgarh.com/ipo/supriya-lifescience-ipo/1197/,2021
HP Adhesives Ltd.,"Mon, Dec 27, 2021",₹274,₹330.75,20.71%,https://www.chittorgarh.com/ipo/hp-adhesives-ipo/1194/,2021
Data Patterns (India) Ltd.,"Fri, Dec 24, 2021",₹585,₹755,29.06%,https://www.chittorgarh.com/ipo/data-patterns-ipo/1190/,2021
Medplus Health Services Ltd.,"Thu, Dec 23, 2021",₹796,₹1121.15,40.85%,https://www.chittorgarh.com/ipo/medplus-health-ipo/1195/,2021
Metro Brands Ltd.,"Wed, Dec 22, 2021",₹500,₹493.35,-1.33%,https://www.chittorgarh.com/ipo/metro-brands-ipo/1193/,2021
C.E.Info systems Ltd.,"Tue, Dec 21, 2021",₹1033,₹1393.65,34.91%,https://www.chittorgarh.com/ipo/mapmyindia-ipo/1187/,2021
Shriram Properties Ltd.,"Mon, Dec 20, 2021",₹118,₹99.6,-15.59%,https://www.chittorgarh.com/ipo/shriram-properties-ipo/1191/,2021
Rategain Travel Technologies Ltd.,"Fri, Dec 17, 2021",₹425,₹340.05,-19.99%,https://www.chittorgarh.com/ipo/rategain-ipo/1189/,2021
Anand Rathi Wealth Ltd.,"Tue, Dec 14, 2021",₹550,₹583.55,6.1%,https://www.chittorgarh.com/ipo/anand-rathi-ipo/1186/,2021
Tega Industries Ltd.,"Mon, Dec 13, 2021",₹453,₹726.05,60.28%,https://www.chittorgarh.com/ipo/tega-industries-ipo/1185/,2021
Star Health & Allied Insurance Co.Ltd.,"Fri, Dec 10, 2021",₹900,₹906.85,0.76%,https://www.chittorgarh.com/ipo/star-health-ipo/1184/,2021
Go Fashion (India) Ltd.,"Tue, Nov 30, 2021",₹690,₹1253.7,81.7%,https://www.chittorgarh.com/ipo/gocolors-ipo/1181/,2021
Tarsons Products Ltd.,"Fri, Nov 26, 2021",₹662,₹818.4,23.63%,https://www.chittorgarh.com/ipo/tarsons-products-ipo/1179/,2021
Latent View Analytics Ltd.,"Tue, Nov 23, 2021",₹197,₹488.75,148.1%,https://www.chittorgarh.com/ipo/latent-view-analytics-ipo/1178/,2021
One 97 Communications Ltd.,"Thu, Nov 18, 2021",₹2150,₹1560.8,-27.4%,https://www.chittorgarh.com/ipo/paytm-ipo/1128/,2021
Sapphire Foods India Ltd.,"Thu, Nov 18, 2021",₹1180,₹1211.55,2.67%,https://www.chittorgarh.com/ipo/sapphire-foods-ipo/1177/,2021
S.J.S.Enterprises Ltd.,"Mon, Nov 15, 2021",₹542,₹510.2,-5.87%,https://www.chittorgarh.com/ipo/sjs-enterprises-ipo/1168/,2021
Sigachi Industries Ltd.,"Mon, Nov 15, 2021",₹163,₹598.5,267.18%,https://www.chittorgarh.com/ipo/sigachi-industries-ipo/1175/,2021
PB Fintech Ltd.,"Mon, Nov 15, 2021",₹980,₹1202.3,22.68%,https://www.chittorgarh.com/ipo/policybazaar-ipo/1172/,2021
Fino Payments Bank Ltd.,"Fri, Nov 12, 2021",₹577,₹543.9,-5.74%,https://www.chittorgarh.com/ipo/fino-payments-bank-ipo/1166/,2021
FSN E-Commerce Ventures Ltd.,"Wed, Nov 10, 2021",₹1125,₹2205.8,96.07%,https://www.chittorgarh.com/ipo/nykaa-ipo/1170/,2021
Aditya Birla Sun Life AMC Ltd.,"Mon, Oct 11, 2021",₹712,₹699.45,-1.76%,https://www.chittorgarh.com/ipo/aditya-birla-sun-life-amc-ipo/1151/,2021
Paras Defence & Space Technologies Ltd.,"Fri, Oct 1, 2021",₹175,₹492.45,181.4%,https://www.chittorgarh.com/ipo/paras-defence-and-space-technologies-ipo/1153/,2021
Sansera Engineering Ltd.,"Fri, Sep 24, 2021",₹744,₹818.55,10.02%,https://www.chittorgarh.com/ipo/sansera-engineering-ipo/1149/,2021
Ami Organics Ltd.,"Tue, Sep 14, 2021",₹610,₹935,53.28%,https://www.chittorgarh.com/ipo/ami-organics-ipo/1143/,2021
Vijaya Diagnostic Centre Ltd.,"Tue, Sep 14, 2021",₹531,₹620.1,16.78%,https://www.chittorgarh.com/ipo/vijaya-diagnostic-ipo/1145/,2021
Aptus Value Housing Finance India Ltd.,"Tue, Aug 24, 2021",₹353,₹346.9,-1.73%,https://www.chittorgarh.com/ipo/aptus-value-housing-finance-ipo/1140/,2021
Chemplast Sanmar Ltd.,"Tue, Aug 24, 2021",₹541,₹535.6,-1%,https://www.chittorgarh.com/ipo/chemplast-sanmar-ipo/1141/,2021
Nuvoco Vistas Corp.Ltd.,"Mon, Aug 23, 2021",₹570,₹531.7,-6.72%,https://www.chittorgarh.com/ipo/nuvoco-ipo/1133/,2021
CarTrade Tech Ltd.,"Fri, Aug 20, 2021",₹1618,₹1501.05,-7.23%,https://www.chittorgarh.com/ipo/cartrade-tech-ipo/1137/,2021
Krsnaa Diagnostics Ltd.,"Mon, Aug 16, 2021",₹954,₹987,3.46%,https://www.chittorgarh.com/ipo/krsnaa-diagnostics-ipo/1138/,2021
Devyani International Ltd.,"Mon, Aug 16, 2021",₹90,₹123.5,37.22%,https://www.chittorgarh.com/ipo/devyani-international-ipo/1136/,2021
Exxaro Tiles Ltd.,"Mon, Aug 16, 2021",₹120,₹132.3,10.25%,https://www.chittorgarh.com/ipo/exxaro-tiles-ipo/1134/,2021
Windlas Biotech Ltd.,"Mon, Aug 16, 2021",₹460,₹407.15,-11.49%,https://www.chittorgarh.com/ipo/windlas-biotech-ipo/1135/,2021
Rolex Rings Ltd.,"Mon, Aug 9, 2021",₹900,₹1167,29.67%,https://www.chittorgarh.com/ipo/rolex-rings-ipo/1129/,2021
Glenmark Life Sciences Ltd.,"Fri, Aug 6, 2021",₹720,₹748.5,3.96%,https://www.chittorgarh.com/ipo/glenmark-life-sciences-ipo/1124/,2021
Tatva Chintan Pharma Chem Ltd.,"Thu, Jul 29, 2021",₹1083,₹2312.2,113.5%,https://www.chittorgarh.com/ipo/tatva-chintan-pharma-ipo/1127/,2021
Zomato Ltd.,"Fri, Jul 23, 2021",₹76,₹125.85,65.59%,https://www.chittorgarh.com/ipo/zomato-ipo/1126/,2021
G R Infraprojects Ltd.,"Mon, Jul 19, 2021",₹837,₹1747.1,108.73%,https://www.chittorgarh.com/ipo/g-r-infraprojects-ipo/1122/,2021
Clean Science & Technology Ltd.,"Mon, Jul 19, 2021",₹900,₹1585.25,76.14%,https://www.chittorgarh.com/ipo/clean-science-and-technology-ipo/1123/,2021
India Pesticides Ltd.,"Mon, Jul 5, 2021",₹296,₹343.15,15.93%,https://www.chittorgarh.com/ipo/india-pesticides-ipo/1119/,2021
Dodla Dairy Ltd.,"Mon, Jun 28, 2021",₹428,₹609.9,42.5%,https://www.chittorgarh.com/ipo/dodla-dairy-ipo/1114/,2021
Krishna Institute of Medical Sciences Ltd.,"Mon, Jun 28, 2021",₹825,₹996.95,20.84%,https://www.chittorgarh.com/ipo/kims-ipo/1115/,2021
Shyam Metalics & Energy Ltd.,"Thu, Jun 24, 2021",₹306,₹376.15,22.92%,https://www.chittorgarh.com/ipo/shyam-metalics-ipo/1109/,2021
Sona BLW Precision Forgings Ltd.,"Thu, Jun 24, 2021",₹291,₹361.2,24.12%,https://www.chittorgarh.com/ipo/sona-comstar-ipo/1112/,2021
POWERGRID Infrastructure Investment Trust,"Fri, May 14, 2021",₹100,₹102.99,2.99%,https://www.chittorgarh.com/ipo/powergrid-invit-ipo-april-2021/1110/,2021
Macrotech Developers Ltd.,"Mon, Apr 19, 2021",₹486,₹465.25,-4.27%,https://www.chittorgarh.com/ipo/lodha-developers-ipo/1107/,2021
Barbeque-Nation Hospitality Ltd.,"Wed, Apr 7, 2021",₹500,₹587.8,17.56%,https://www.chittorgarh.com/ipo/barbeque-nation-ipo/1102/,2021
Nazara Technologies Ltd.,"Tue, Mar 30, 2021",₹1101,₹1592,44.6%,https://www.chittorgarh.com/ipo/nazara-technologies-ipo/1092/,2021
Kalyan Jewellers India Ltd.,"Fri, Mar 26, 2021",₹87,₹75.2,-13.56%,https://www.chittorgarh.com/ipo/kalyan-jewellers-ipo/1098/,2021
Suryoday Small Finance Bank Ltd.,"Fri, Mar 26, 2021",₹305,₹277.8,-8.92%,https://www.chittorgarh.com/ipo/suryoday-small-finance-bank-ipo/1099/,2021
Craftsman Automation Ltd.,"Thu, Mar 25, 2021",₹1490,₹1435.6,-3.65%,https://www.chittorgarh.com/ipo/craftsman-automation-ipo/1095/,2021
Laxmi Organic Industries Ltd.,"Thu, Mar 25, 2021",₹130,₹164.45,26.5%,https://www.chittorgarh.com/ipo/laxmi-organic-ipo/1096/,2021
Anupam Rasayan India Ltd.,"Wed, Mar 24, 2021",₹555,₹526.8,-5.08%,https://www.chittorgarh.com/ipo/anupam-rasayan-ipo/1097/,2021
Easy Trip Planners Ltd.,"Fri, Mar 19, 2021",₹187,₹208.45,11.47%,https://www.chittorgarh.com/ipo/easemytrip-ipo/1089/,2021
MTAR Technologies Ltd.,"Mon, Mar 15, 2021",₹575,₹1082.5,88.26%,https://www.chittorgarh.com/ipo/mtar-technologies-ipo/1088/,2021
Heranba Industries Ltd.,"Fri, Mar 5, 2021",₹627,₹627,0%,https://www.chittorgarh.com/ipo/heranba-industries-ipo/1085/,2021
RailTel Corp.of India Ltd.,"Fri, Feb 26, 2021",₹94,₹121.35,29.1%,https://www.chittorgarh.com/ipo/railtel-ipo/1073/,2021
Nureca Ltd.,"Thu, Feb 25, 2021",₹400,₹645.75,61.44%,https://www.chittorgarh.com/ipo/nureca-limited-ipo/1084/,2021
Brookfield India Real Estate Trust,"Tue, Feb 16, 2021",₹275,₹268.93,-2.21%,https://www.chittorgarh.com/ipo/brookfield-india-reit/1082/,2021
Stove Kraft Ltd.,"Fri, Feb 5, 2021",₹385,₹445.95,15.83%,https://www.chittorgarh.com/ipo/stove-kraft-ipo/1081/,2021
Home First Finance Co.India Ltd.,"Wed, Feb 3, 2021",₹518,₹527.55,1.84%,https://www.chittorgarh.com/ipo/home-first-finance-ipo/1080/,2021
Indigo Paints Ltd.,"Tue, Feb 2, 2021",₹1490,₹3117.15,109.2%,https://www.chittorgarh.com/ipo/indigo-paints-ipo/1079/,2021
Indian Railway Finance Corp.Ltd.,"Fri, Jan 29, 2021",₹26,₹24.8,-4.62%,https://www.chittorgarh.com/ipo/irfc-ipo/1076/,2021
Antony Waste Handling Cell Ltd.,"Fri, Jan 1, 2021",₹315,₹407.35,29.32%,https://www.chittorgarh.com/ipo/antony-waste-ipo/1078/,2021
Elin Electronics Ltd.,"Fri, Dec 30, 2022",₹247,₹227.65,-7.83%,https://www.chittorgarh.com/ipo/elin-electronics-ipo/1346/,2022
KFin Technologies Ltd.,"Thu, Dec 29, 2022",₹366,₹363.85,-0.59%,https://www.chittorgarh.com/ipo/kfin-technologies-ipo/1354/,2022
Abans Holdings Ltd.,"Fri, Dec 23, 2022",₹270,₹218.4,-19.11%,https://www.chittorgarh.com/ipo/abans-holdings-ipo/1350/,2022
Landmark Cars Ltd.,"Fri, Dec 23, 2022",₹506,₹458.4,-9.41%,https://www.chittorgarh.com/ipo/landmark-cars-ipo/1338/,2022
Sula Vineyards Ltd.,"Thu, Dec 22, 2022",₹357,₹331.15,-7.24%,https://www.chittorgarh.com/ipo/sula-vineyards-ipo/1345/,2022
Uniparts India Ltd.,"Mon, Dec 12, 2022",₹577,₹539.65,-6.47%,https://www.chittorgarh.com/ipo/uniparts-india-ipo/1324/,2022
Dharmaj Crop Guard Ltd.,"Thu, Dec 8, 2022",₹237,₹266.3,12.36%,https://www.chittorgarh.com/ipo/dharmaj-crop-guard-ipo/1339/,2022
Keystone Realtors Ltd.,"Thu, Nov 24, 2022",₹541,₹556.85,2.93%,https://www.chittorgarh.com/ipo/keystone-realtors-ipo/1336/,2022
Inox Green Energy Services Ltd.,"Wed, Nov 23, 2022",₹65,₹59.1,-9.08%,https://www.chittorgarh.com/ipo/inox-green-energy-ipo/1335/,2022
Kaynes Technology India Ltd.,"Tue, Nov 22, 2022",₹587,₹689.95,17.54%,https://www.chittorgarh.com/ipo/kaynes-technology-ipo/1321/,2022
Archean Chemical Industries Ltd.,"Mon, Nov 21, 2022",₹407,₹458.15,12.57%,https://www.chittorgarh.com/ipo/archean-chemical-ipo/1334/,2022
Five-Star Business Finance Ltd.,"Mon, Nov 21, 2022",₹474,₹490,3.38%,https://www.chittorgarh.com/ipo/five-star-business-finance-ipo/1327/,2022
Global Health Ltd.,"Wed, Nov 16, 2022",₹336,₹415.3,23.6%,https://www.chittorgarh.com/ipo/global-health-ipo/1330/,2022
Bikaji Foods International Ltd.,"Wed, Nov 16, 2022",₹300,₹317.45,5.82%,https://www.chittorgarh.com/ipo/bikaji-foods-ipo/1332/,2022
Fusion Micro Finance Ltd.,"Tue, Nov 15, 2022",₹368,₹324.8,-11.74%,https://www.chittorgarh.com/ipo/fusion-micro-finance-ipo/1331/,2022
DCX Systems Ltd.,"Fri, Nov 11, 2022",₹207,₹308.8,49.18%,https://www.chittorgarh.com/ipo/dcx-systems-ipo/1316/,2022
Tracxn Technologies Ltd.,"Thu, Oct 20, 2022",₹80,₹93.25,16.56%,https://www.chittorgarh.com/ipo/tracxn-ipo/1199/,2022
Electronics Mart India Ltd.,"Mon, Oct 17, 2022",₹59,₹84.5,43.22%,https://www.chittorgarh.com/ipo/electronics-mart-india-ipo/1318/,2022
Harsha Engineers International Ltd.,"Mon, Sep 26, 2022",₹330,₹486.5,47.42%,https://www.chittorgarh.com/ipo/harsha-engineers-international-ipo/1283/,2022
Tamilnad Mercantile Bank Ltd.,"Thu, Sep 15, 2022",₹510,₹509.65,-0.07%,https://www.chittorgarh.com/ipo/tamilnad-mercantile-bank-ipo/1287/,2022
Dreamfolks Services Ltd.,"Tue, Sep 6, 2022",₹326,₹462.4,41.84%,https://www.chittorgarh.com/ipo/dreamfolks-services-ipo/1281/,2022
Syrma SGS Technology Ltd.,"Fri, Aug 26, 2022",₹220,₹310.5,41.14%,https://www.chittorgarh.com/ipo/syrma-ipo/1276/,2022
Aether Industries Ltd.,"Fri, Jun 3, 2022",₹642,₹774.4,20.62%,https://www.chittorgarh.com/ipo/aether-industries-ipo/1257/,2022
eMudhra Ltd.,"Wed, Jun 1, 2022",₹256,₹257.9,0.74%,https://www.chittorgarh.com/ipo/emudhra-ipo/1254/,2022
Ethos Ltd.,"Mon, May 30, 2022",₹878,₹803.1,-8.53%,https://www.chittorgarh.com/ipo/ethos-limited-ipo/1247/,2022
Paradeep Phosphates Ltd.,"Fri, May 27, 2022",₹42,₹43.9,4.52%,https://www.chittorgarh.com/ipo/paradeep-phosphates-ipo/1253/,2022
Delhivery Ltd.,"Tue, May 24, 2022",₹487,₹536.35,10.13%,https://www.chittorgarh.com/ipo/delhivery-ipo/1213/,2022
Venus Pipes & Tubes Ltd.,"Tue, May 24, 2022",₹326,₹354.35,8.7%,https://www.chittorgarh.com/ipo/venus-pipes-tubes-ipo/1248/,2022
Prudent Corporate Advisory Services Ltd.,"Fri, May 20, 2022",₹630,₹561.75,-10.83%,https://www.chittorgarh.com/ipo/prudent-corporate-advisory-services-ipo/1252/,2022
Life Insurance Corp.of India,"Tue, May 17, 2022",₹949,₹875.25,-7.77%,https://www.chittorgarh.com/ipo/lic-ipo/1221/,2022
Rainbow Children's Medicare Ltd.,"Tue, May 10, 2022",₹542,₹450.2,-16.94%,https://www.chittorgarh.com/ipo/rainbow-children-medicare-ipo/1250/,2022
Campus Activewear Ltd.,"Mon, May 9, 2022",₹292,₹378.9,29.76%,https://www.chittorgarh.com/ipo/campus-activewear-ipo/1249/,2022
Hariom Pipe Industries Ltd.,"Wed, Apr 13, 2022",₹153,₹231,50.98%,https://www.chittorgarh.com/ipo/hariom-pipe-industries-ipo/1240/,2022
Veranda Learning Solutions Ltd.,"Mon, Apr 11, 2022",₹137,₹131.25,-4.2%,https://www.chittorgarh.com/ipo/veranda-learning-ipo/1236/,2022
Ruchi Soya Industries Ltd.,"Fri, Apr 8, 2022",₹650,₹923.45,42.07%,https://www.chittorgarh.com/ipo/ruchi-soya-fpo/1118/,2022
Uma Exports Ltd.,"Thu, Apr 7, 2022",₹68,₹79.8,17.35%,https://www.chittorgarh.com/ipo/uma-exports-ipo/1235/,2022
Vedant Fashions Ltd.,"Wed, Feb 16, 2022",₹866,₹933.55,7.8%,https://www.chittorgarh.com/ipo/vedant-fashions-ipo/1217/,2022
Adani Wilmar Ltd.,"Tue, Feb 8, 2022",₹230,₹268.25,16.63%,https://www.chittorgarh.com/ipo/adani-wilmar-ipo/1173/,2022
AGS Transact Technologies Ltd.,"Mon, Jan 31, 2022",₹175,₹161.05,-7.97%,https://www.chittorgarh.com/ipo/ags-transact-ipo/1209/,2022
Innova Captab Ltd.,"Fri, Dec 29, 2023",₹448,₹541.4,20.85%,https://www.chittorgarh.com/ipo/innova-captab-ipo/1599/,2023
Azad Engineering Ltd.,"Thu, Dec 28, 2023",₹524,₹677.5,29.29%,https://www.chittorgarh.com/ipo/azad-engineering-ipo/1597/,2023
RBZ Jewellers Ltd.,"Wed, Dec 27, 2023",₹100,₹105,5%,https://www.chittorgarh.com/ipo/rbz-jewellers-ipo/1588/,2023
Credo Brands Marketing Ltd.,"Wed, Dec 27, 2023",₹280,₹312.2,11.5%,https://www.chittorgarh.com/ipo/mufti-ipo/1595/,2023
Happy Forgings Ltd.,"Wed, Dec 27, 2023",₹850,₹1030.8,21.27%,https://www.chittorgarh.com/ipo/happy-forgings-ipo/1585/,2023
Muthoot Microfin Ltd.,"Tue, Dec 26, 2023",₹291,₹266.15,-8.54%,https://www.chittorgarh.com/ipo/muthoot-microfin-ipo/1582/,2023
Motisons Jewellers Ltd.,"Tue, Dec 26, 2023",₹55,₹103.55,88.27%,https://www.chittorgarh.com/ipo/motisons-jewellers-ipo/1587/,2023
Suraj Estate Developers Ltd.,"Tue, Dec 26, 2023",₹360,₹334.5,-7.08%,https://www.chittorgarh.com/ipo/suraj-estate-developers-ipo/1589/,2023
Inox India Ltd.,"Thu, Dec 21, 2023",₹660,₹939.95,42.42%,https://www.chittorgarh.com/ipo/inox-cva-ipo/1593/,2023
India Shelter Finance Corp.Ltd.,"Wed, Dec 20, 2023",₹493,₹544.7,10.49%,https://www.chittorgarh.com/ipo/india-shelter-ipo/1477/,2023
DOMS Industries Ltd.,"Wed, Dec 20, 2023",₹790,₹1326.05,67.85%,https://www.chittorgarh.com/ipo/doms-ipo/1581/,2023
Flair Writing Industries Ltd.,"Fri, Dec 1, 2023",₹304,₹450.9,48.32%,https://www.chittorgarh.com/ipo/flair-writing-ipo/1571/,2023
Tata Technologies Ltd.,"Thu, Nov 30, 2023",₹500,₹1313,162.6%,https://www.chittorgarh.com/ipo/tata-technologies-ipo/1418/,2023
Gandhar Oil Refinery (India) Ltd.,"Thu, Nov 30, 2023",₹169,₹301.4,78.34%,https://www.chittorgarh.com/ipo/gandhar-oil-refinery-india-ipo/1567/,2023
Fedbank Financial Services Ltd.,"Thu, Nov 30, 2023",₹140,₹140.25,0.18%,https://www.chittorgarh.com/ipo/fedbank-financial-services-ipo/1568/,2023
Indian Renewable Energy Development Agency Ltd.,"Wed, Nov 29, 2023",₹32,₹60,87.5%,https://www.chittorgarh.com/ipo/ireda-ipo/1569/,2023
ASK Automotive Ltd.,"Wed, Nov 15, 2023",₹282,₹310.1,9.96%,https://www.chittorgarh.com/ipo/ask-automotive-ipo/1563/,2023
Protean eGov Technologies Ltd.,"Mon, Nov 13, 2023",₹792,₹883,11.49%,https://www.chittorgarh.com/ipo/protean-egov-technologies-ipo/1545/,2023
ESAF Small Finance Bank Ltd.,"Fri, Nov 10, 2023",₹60,₹69.05,15.08%,https://www.chittorgarh.com/ipo/esaf-small-finance-bank-ipo/1553/,2023
Honasa Consumer Ltd.,"Tue, Nov 7, 2023",₹324,₹337.1,4.04%,https://www.chittorgarh.com/ipo/mamaearth-ipo/1551/,2023
Cello World Ltd.,"Mon, Nov 6, 2023",₹648,₹791.7,22.18%,https://www.chittorgarh.com/ipo/cello-world-limited-ipo/1552/,2023
Blue Jet Healthcare Ltd.,"Wed, Nov 1, 2023",₹346,₹413.4,19.48%,https://www.chittorgarh.com/ipo/blue-jet-healthcare-ipo/1547/,2023
IRM Energy Ltd.,"Thu, Oct 26, 2023",₹505,₹473.15,-6.31%,https://www.chittorgarh.com/ipo/irm-energy-ipo/1543/,2023
Plaza Wires Ltd.,"Thu, Oct 12, 2023",₹54,₹80.2,48.52%,https://www.chittorgarh.com/ipo/plaza-wires-ipo/1539/,2023
Valiant Laboratories Ltd.,"Fri, Oct 6, 2023",₹140,₹170.25,21.61%,https://www.chittorgarh.com/ipo/valiant-laboratories-ipo/1525/,2023
Updater Services Ltd.,"Wed, Oct 4, 2023",₹300,₹283.9,-5.37%,https://www.chittorgarh.com/ipo/updater-services-ipo/1528/,2023
JSW Infrastructure Ltd.,"Tue, Oct 3, 2023",₹119,₹157.3,32.18%,https://www.chittorgarh.com/ipo/jsw-infrastructure-ipo/1512/,2023
Manoj Vaibhav Gems 'N' Jewellers Ltd.,"Tue, Oct 3, 2023",₹215,₹215.5,0.23%,https://www.chittorgarh.com/ipo/manoj-vaibhav-gems-n-jewellers-ipo/1513/,2023
Yatra Online Ltd.,"Thu, Sep 28, 2023",₹142,₹135.9,-4.3%,https://www.chittorgarh.com/ipo/yatra-online-ipo/1507/,2023
Sai Silks (Kalamandir) Ltd.,"Wed, Sep 27, 2023",₹222,₹244.9,10.32%,https://www.chittorgarh.com/ipo/sai-silks-kalamandir-ipo/1508/,2023
Signatureglobal (India) Ltd.,"Wed, Sep 27, 2023",₹385,₹458.55,19.1%,https://www.chittorgarh.com/ipo/signatureglobal-india-ipo/1382/,2023
SAMHI Hotels Ltd.,"Fri, Sep 22, 2023",₹126,₹143.4,13.81%,https://www.chittorgarh.com/ipo/samhi-hotels-ipo/1502/,2023
Zaggle Prepaid Ocean Services Ltd.,"Fri, Sep 22, 2023",₹164,₹158.35,-3.45%,https://www.chittorgarh.com/ipo/zaggle-prepaid-ocean-services-ipo/1505/,2023
EMS Ltd.,"Thu, Sep 21, 2023",₹211,₹279.9,32.65%,https://www.chittorgarh.com/ipo/ems-ipo/1496/,2023
R R Kabel Ltd.,"Wed, Sep 20, 2023",₹1035,₹1198.05,15.75%,https://www.chittorgarh.com/ipo/r-r-kabel-ipo/1503/,2023
Jupiter Life Line Hospitals Ltd.,"Mon, Sep 18, 2023",₹735,₹1075.75,46.36%,https://www.chittorgarh.com/ipo/jupiter-life-line-hospitals-ipo/1494/,2023
Ratnaveer Precision Engineering Ltd.,"Mon, Sep 11, 2023",₹98,₹129.35,31.99%,https://www.chittorgarh.com/ipo/ratnaveer-precision-engineering-ipo/1488/,2023
Rishabh Instruments Ltd.,"Mon, Sep 11, 2023",₹441,₹443.15,0.49%,https://www.chittorgarh.com/ipo/rishabh-instruments-ipo/1490/,2023
Vishnu Prakash R.Punglia Ltd.,"Tue, Sep 5, 2023",₹99,₹145.7,47.17%,https://www.chittorgarh.com/ipo/vishnu-prakash-r-punglia-ipo/1485/,2023
Aeroflex Industries Ltd.,"Thu, Aug 31, 2023",₹108,₹163.25,51.16%,https://www.chittorgarh.com/ipo/aeroflex-industries-ipo/1482/,2023
Pyramid Technoplast Ltd.,"Tue, Aug 29, 2023",₹166,₹177.65,7.02%,https://www.chittorgarh.com/ipo/pyramid-technoplast-ipo/1479/,2023
TVS Supply Chain Solutions Ltd.,"Wed, Aug 23, 2023",₹197,₹201,2.03%,https://www.chittorgarh.com/ipo/tvs-supply-chain-solutions-ipo/1475/,2023
Concord Biotech Ltd.,"Fri, Aug 18, 2023",₹741,₹942.8,27.23%,https://www.chittorgarh.com/ipo/concord-biotech-ipo/1472/,2023
SBFC Finance Ltd.,"Wed, Aug 16, 2023",₹57,₹92.2,61.75%,https://www.chittorgarh.com/ipo/sbfc-finance-ipo/1470/,2023
Yatharth Hospital & Trauma Care Services Ltd.,"Mon, Aug 7, 2023",₹300,₹333.85,11.28%,https://www.chittorgarh.com/ipo/yatharth-hospital-ipo/1464/,2023
Netweb Technologies India Ltd.,"Thu, Jul 27, 2023",₹500,₹910.4,82.08%,https://www.chittorgarh.com/ipo/netweb-technologies-india-ipo/1459/,2023
Utkarsh Small Finance Bank Ltd.,"Fri, Jul 21, 2023",₹25,₹48,92%,https://www.chittorgarh.com/ipo/utkarsh-small-finance-bank-ipo/1456/,2023
Senco Gold Ltd.,"Fri, Jul 14, 2023",₹317,₹405.3,27.85%,https://www.chittorgarh.com/ipo/senco-gold-ipo/1452/,2023
Cyient DLM Ltd.,"Mon, Jul 10, 2023",₹265,₹420.6,58.72%,https://www.chittorgarh.com/ipo/cyient-dlm-ipo/1446/,2023
ideaForge Technology Ltd.,"Fri, Jul 7, 2023",₹672,₹1294.95,92.7%,https://www.chittorgarh.com/ipo/ideaforge-technology-ipo/1442/,2023
HMA Agro Industries Ltd.,"Tue, Jul 4, 2023",₹585,₹585.65,0.11%,https://www.chittorgarh.com/ipo/hma-agro-industries-ipo/1435/,2023
IKIO Lighting Ltd.,"Fri, Jun 16, 2023",₹285,₹403.85,41.7%,https://www.chittorgarh.com/ipo/ikio-lighting-ipo/1430/,2023
Nexus Select Trust,"Fri, May 19, 2023",₹100,₹104.29,4.29%,https://www.chittorgarh.com/ipo/nexus-select-trust-reit/1417/,2023
Mankind Pharma Ltd.,"Tue, May 9, 2023",₹1080,₹1080,0%,https://www.chittorgarh.com/ipo/mankind-pharma-ipo/1412/,2023
Avalon Technologies Ltd.,"Tue, Apr 18, 2023",₹436,₹398,-8.72%,https://www.chittorgarh.com/ipo/avalon-technologies-ipo/1405/,2023
Udayshivakumar Infra Ltd.,"Mon, Apr 3, 2023",₹35,₹31.5,-10%,https://www.chittorgarh.com/ipo/udayshivakumar-infra-ipo/1398/,2023
Global Surfaces Ltd.,"Thu, Mar 23, 2023",₹140,₹171.05,22.18%,https://www.chittorgarh.com/ipo/global-surfaces-ipo/1390/,2023
Divgi TorqTransfer Systems Ltd.,"Tue, Mar 14, 2023",₹590,₹605.2,2.58%,https://www.chittorgarh.com/ipo/divgi-torqtransfer-systems-ipo/1383/,2023
Sah Polymers Ltd.,"Thu, Jan 12, 2023",₹65,₹89.25,37.31%,https://www.chittorgarh.com/ipo/sah-polymers-ipo/1347/,2023
Radiant Cash Management Services Ltd.,"Wed, Jan 4, 2023",₹94,₹104.9,11.6%,https://www.chittorgarh.com/ipo/radiant-cash-management-ipo/1355/,2023
Unimech Aerospace & Manufacturing Ltd.,"Tue, Dec 31, 2024",₹785,₹1376.25,75.32%,https://www.chittorgarh.com/ipo/unimech-aerospace-ipo/1942/,2024
Ventive Hospitality Ltd.,"Mon, Dec 30, 2024",₹643,₹704.35,9.54%,https://www.chittorgarh.com/ipo/ventive-hospitality-ipo/1939/,2024
Carraro India Ltd.,"Mon, Dec 30, 2024",₹704,₹636.2,-9.63%,https://www.chittorgarh.com/ipo/carraro-india-ipo/1945/,2024
Senores Pharmaceuticals Ltd.,"Mon, Dec 30, 2024",₹391,₹557.8,42.66%,https://www.chittorgarh.com/ipo/senores-pharmaceuticals-ipo/1943/,2024
Transrail Lighting Ltd.,"Fri, Dec 27, 2024",₹432,₹553.55,28.14%,https://www.chittorgarh.com/ipo/transrail-lighting-ipo/1933/,2024
Concord Enviro Systems Ltd.,"Fri, Dec 27, 2024",₹701,₹827.1,17.99%,https://www.chittorgarh.com/ipo/concord-enviro-ipo/1941/,2024
Sanathan Textiles Ltd.,"Fri, Dec 27, 2024",₹321,₹388.35,20.98%,https://www.chittorgarh.com/ipo/sanathan-textiles-ipo/1940/,2024
DAM Capital Advisors Ltd.,"Fri, Dec 27, 2024",₹283,₹415.1,46.68%,https://www.chittorgarh.com/ipo/dam-capital-advisors-ipo/1936/,2024
Mamata Machinery Ltd.,"Fri, Dec 27, 2024",₹243,₹630,159.26%,https://www.chittorgarh.com/ipo/mamata-machinery-ipo/1937/,2024
International Gemmological Institute (India) Ltd.,"Fri, Dec 20, 2024",₹417,₹471.15,12.99%,https://www.chittorgarh.com/ipo/international-gemmological-institute-ipo/1930/,2024
Inventurus Knowledge Solutions Ltd.,"Thu, Dec 19, 2024",₹1329,₹1960.85,47.54%,https://www.chittorgarh.com/ipo/inventurus-knowledge-solutions-ipo/1926/,2024
Vishal Mega Mart Ltd.,"Wed, Dec 18, 2024",₹78,₹111.93,43.5%,https://www.chittorgarh.com/ipo/vishal-mega-mart-ipo/1924/,2024
Sai Life Sciences Ltd.,"Wed, Dec 18, 2024",₹549,₹764.65,39.28%,https://www.chittorgarh.com/ipo/sai-life-sciences-ipo/1925/,2024
One Mobikwik Systems Ltd.,"Wed, Dec 18, 2024",₹279,₹528,89.25%,https://www.chittorgarh.com/ipo/mobikwik-ipo/1928/,2024
Property Share Investment Trust-PropShare Platina,"Tue, Dec 10, 2024",₹1050000,₹1048945.7,-0.1%,https://www.chittorgarh.com/ipo/property-share-reit-ipo/1917/,2024
Suraksha Diagnostic Ltd.,"Fri, Dec 6, 2024",₹441,₹441,0%,https://www.chittorgarh.com/ipo/suraksha-diagnostic-ipo/1918/,2024
Enviro Infra Engineers Ltd.,"Fri, Nov 29, 2024",₹148,₹207.07,39.91%,https://www.chittorgarh.com/ipo/enviro-infra-engineers-ipo/1911/,2024
NTPC Green Energy Ltd.,"Wed, Nov 27, 2024",₹108,₹121.65,12.64%,https://www.chittorgarh.com/ipo/ntpc-green-energy-ipo/1902/,2024
Zinka Logistics Solutions Ltd.,"Fri, Nov 22, 2024",₹273,₹260.2,-4.69%,https://www.chittorgarh.com/ipo/blackbuck-ipo/1904/,2024
Niva Bupa Health Insurance Co.Ltd.,"Thu, Nov 14, 2024",₹74,₹74,0%,https://www.chittorgarh.com/ipo/niva-bupa-health-insurance-ipo/1899/,2024
Swiggy Ltd.,"Wed, Nov 13, 2024",₹390,₹456,16.92%,https://www.chittorgarh.com/ipo/swiggy-ipo/1896/,2024
ACME Solar Holdings Ltd.,"Wed, Nov 13, 2024",₹289,₹253.15,-12.4%,https://www.chittorgarh.com/ipo/acme-solar-holdings-ipo/1897/,2024
Sagility India Ltd.,"Tue, Nov 12, 2024",₹30,₹29.32,-2.27%,https://www.chittorgarh.com/ipo/sagility-india-ipo/1898/,2024
Afcons Infrastructure Ltd.,"Mon, Nov 4, 2024",₹463,₹474.2,2.42%,https://www.chittorgarh.com/ipo/afcons-infrastructure-ipo/1881/,2024
Godavari Biorefineries Ltd.,"Wed, Oct 30, 2024",₹352,₹343.2,-2.5%,https://www.chittorgarh.com/ipo/godavari-biorefineries-ipo/1895/,2024
Waaree Energies Ltd.,"Mon, Oct 28, 2024",₹1503,₹2338.9,55.62%,https://www.chittorgarh.com/ipo/waaree-energies-ipo/1888/,2024
Deepak Builders & Engineers India Ltd.,"Mon, Oct 28, 2024",₹203,₹161.95,-20.22%,https://www.chittorgarh.com/ipo/deepak-builders-engineers-ipo/1890/,2024
Hyundai Motor India Ltd.,"Tue, Oct 22, 2024",₹1960,₹1819.6,-7.16%,https://www.chittorgarh.com/ipo/hyundai-motor-ipo/1879/,2024
Garuda Construction & Engineering Ltd.,"Tue, Oct 15, 2024",₹95,₹106.36,11.96%,https://www.chittorgarh.com/ipo/garuda-construction-and-engineering-ipo/1883/,2024
Diffusion Engineers Ltd.,"Fri, Oct 4, 2024",₹168,₹203.17,20.93%,https://www.chittorgarh.com/ipo/diffusion-engineers-ipo/1874/,2024
KRN Heat Exchanger & Refrigeration Ltd.,"Thu, Oct 3, 2024",₹220,₹478.79,117.63%,https://www.chittorgarh.com/ipo/krn-heat-exchanger-ipo/1864/,2024
Manba Finance Ltd.,"Mon, Sep 30, 2024",₹120,₹157.45,31.21%,https://www.chittorgarh.com/ipo/manba-finance-ipo/1866/,2024
Western Carriers (India) Ltd.,"Tue, Sep 24, 2024",₹172,₹159.44,-7.3%,https://www.chittorgarh.com/ipo/western-carriers-india-ipo/1844/,2024
Arkade Developers Ltd.,"Tue, Sep 24, 2024",₹128,₹165.86,29.58%,https://www.chittorgarh.com/ipo/arkade-developers-ipo/1849/,2024
Northern Arc Capital Ltd.,"Tue, Sep 24, 2024",₹263,₹323.4,22.97%,https://www.chittorgarh.com/ipo/northern-arc-capital-ipo/1855/,2024
P N Gadgil Jewellers Ltd.,"Tue, Sep 17, 2024",₹480,₹793.3,65.27%,https://www.chittorgarh.com/ipo/p-n-gadgil-jewellers-ipo/1841/,2024
Bajaj Housing Finance Ltd.,"Mon, Sep 16, 2024",₹70,₹165,135.71%,https://www.chittorgarh.com/ipo/bajaj-housing-finance-ipo/1822/,2024
Kross Ltd.,"Mon, Sep 16, 2024",₹240,₹259.81,8.25%,https://www.chittorgarh.com/ipo/kross-ipo/1839/,2024
Tolins Tyres Ltd.,"Mon, Sep 16, 2024",₹226,₹239.4,5.93%,https://www.chittorgarh.com/ipo/tolins-tyres-ipo/1837/,2024
Shree Tirupati Balajee Agro Trading Co.Ltd.,"Thu, Sep 12, 2024",₹83,₹94.5,13.86%,https://www.chittorgarh.com/ipo/shree-tirupati-balajee-ipo/1835/,2024
Gala Precision Engineering Ltd.,"Mon, Sep 9, 2024",₹529,₹757.15,43.13%,https://www.chittorgarh.com/ipo/gala-precision-engineering-ipo/1829/,2024
Baazar Style Retail Ltd.,"Fri, Sep 6, 2024",₹389,₹400,2.83%,https://www.chittorgarh.com/ipo/baazar-style-retail-ipo/1825/,2024
ECOS (India) Mobility & Hospitality Ltd.,"Wed, Sep 4, 2024",₹334,₹443.15,32.68%,https://www.chittorgarh.com/ipo/eco-mobility-ipo/1820/,2024
Premier Energies Ltd.,"Tue, Sep 3, 2024",₹450,₹839.9,86.64%,https://www.chittorgarh.com/ipo/premier-energies-ipo/1818/,2024
Orient Technologies Ltd.,"Wed, Aug 28, 2024",₹206,₹302.4,46.8%,https://www.chittorgarh.com/ipo/orient-technologies-ipo/1809/,2024
Interarch Building Products Ltd.,"Mon, Aug 26, 2024",₹900,₹1196.45,32.94%,https://www.chittorgarh.com/ipo/interarch-building-products-ipo/1811/,2024
Saraswati Saree Depot Ltd.,"Tue, Aug 20, 2024",₹160,₹203.7,27.31%,https://www.chittorgarh.com/ipo/saraswati-saree-depot-ipo/1542/,2024
Unicommerce eSolutions Ltd.,"Tue, Aug 13, 2024",₹108,₹210.08,94.52%,https://www.chittorgarh.com/ipo/unicommerce-esolutions-ipo/1802/,2024
Brainbees Solutions Ltd.,"Tue, Aug 13, 2024",₹465,₹679.1,46.04%,https://www.chittorgarh.com/ipo/brainbees-solutions-firstcry-ipo/1801/,2024
Ola Electric Mobility Ltd.,"Fri, Aug 9, 2024",₹76,₹91.2,20%,https://www.chittorgarh.com/ipo/ola-electric-ipo/1765/,2024
Ceigall India Ltd.,"Thu, Aug 8, 2024",₹401,₹386.75,-3.55%,https://www.chittorgarh.com/ipo/ceigall-india-ipo/1798/,2024
Akums Drugs & Pharmaceuticals Ltd.,"Tue, Aug 6, 2024",₹679,₹796.25,17.27%,https://www.chittorgarh.com/ipo/akums-drugs-and-pharmaceuticals-ipo/1794/,2024
Sanstar Ltd.,"Fri, Jul 26, 2024",₹95,₹115.07,21.13%,https://www.chittorgarh.com/ipo/sanstar-ipo/1779/,2024
Emcure Pharmaceuticals Ltd.,"Wed, Jul 10, 2024",₹1008,₹1359.15,34.84%,https://www.chittorgarh.com/ipo/emcure-pharma-ipo/1766/,2024
Bansal Wire Industries Ltd.,"Wed, Jul 10, 2024",₹256,₹350.35,36.86%,https://www.chittorgarh.com/ipo/bansal-wire-ipo/1767/,2024
Vraj Iron & Steel Ltd.,"Wed, Jul 3, 2024",₹207,₹252,21.74%,https://www.chittorgarh.com/ipo/vraj-iron-and-steel-ipo/1758/,2024
Allied Blenders & Distillers Ltd.,"Tue, Jul 2, 2024",₹281,₹317.9,13.13%,https://www.chittorgarh.com/ipo/allied-blenders-ipo/1580/,2024
Stanley Lifestyles Ltd.,"Fri, Jun 28, 2024",₹369,₹474.75,28.66%,https://www.chittorgarh.com/ipo/stanley-lifestyles-ipo/1749/,2024
DEE Development Engineers Ltd.,"Wed, Jun 26, 2024",₹203,₹335.32,65.18%,https://www.chittorgarh.com/ipo/dee-piping-systems-ipo/1746/,2024
Akme Fintrade (India) Ltd.,"Wed, Jun 26, 2024",₹120,₹133.35,11.12%,https://www.chittorgarh.com/ipo/aasaan-loans-ipo/1751/,2024
Le Travenues Technology Ltd.,"Tue, Jun 18, 2024",₹93,₹165.72,78.19%,https://www.chittorgarh.com/ipo/ixigo-ipo/1742/,2024
Kronox Lab Sciences Ltd.,"Mon, Jun 10, 2024",₹136,₹159.32,17.15%,https://www.chittorgarh.com/ipo/kronox-lab-sciences-ipo/1738/,2024
Awfis Space Solutions Ltd.,"Thu, May 30, 2024",₹383,₹421.75,10.12%,https://www.chittorgarh.com/ipo/awfis-space-solutions-ipo/1730/,2024
Go Digit General Insurance Ltd.,"Thu, May 23, 2024",₹272,₹306,12.5%,https://www.chittorgarh.com/ipo/go-digit-general-insurance-ipo/1727/,2024
TBO Tek Ltd.,"Wed, May 15, 2024",₹920,₹1406.3,52.86%,https://www.chittorgarh.com/ipo/tbo-tek-ipo/1716/,2024
Aadhar Housing Finance Ltd.,"Wed, May 15, 2024",₹315,₹329.45,4.59%,https://www.chittorgarh.com/ipo/aadhar-housing-finance-ipo/1717/,2024
Indegene Ltd.,"Mon, May 13, 2024",₹452,₹570.9,26.31%,https://www.chittorgarh.com/ipo/indegene-ipo/1713/,2024
JNK India Ltd.,"Tue, Apr 30, 2024",₹415,₹694.55,67.36%,https://www.chittorgarh.com/ipo/jnk-india-ipo/1704/,2024
Vodafone Idea Ltd.,"Thu, Apr 25, 2024",₹11,₹13.9,26.36%,https://www.chittorgarh.com/ipo/vi-fpo/1702/,2024
Bharti Hexacom Ltd.,"Fri, Apr 12, 2024",₹570,₹813.3,42.68%,https://www.chittorgarh.com/ipo/bharti-hexacom-ipo/1694/,2024
SRM Contractors Ltd.,"Wed, Apr 3, 2024",₹210,₹226,7.62%,https://www.chittorgarh.com/ipo/srm-contractors-ipo/1682/,2024
Krystal Integrated Services Ltd.,"Thu, Mar 21, 2024",₹715,₹712.85,-0.3%,https://www.chittorgarh.com/ipo/krystal-integrated-services-ipo/1665/,2024
Popular Vehicles & Services Ltd.,"Tue, Mar 19, 2024",₹295,₹276.15,-6.39%,https://www.chittorgarh.com/ipo/popular-vehicles-services-ipo/1672/,2024
Gopal Snacks Ltd.,"Thu, Mar 14, 2024",₹401,₹362.7,-9.55%,https://www.chittorgarh.com/ipo/gopal-namkeen-ipo/1667/,2024
J.G.Chemicals Ltd.,"Wed, Mar 13, 2024",₹221,₹184.8,-16.38%,https://www.chittorgarh.com/ipo/jg-chemicals-ipo/1663/,2024
R K SWAMY Ltd.,"Tue, Mar 12, 2024",₹288,₹262.6,-8.82%,https://www.chittorgarh.com/ipo/r-k-swamy-ipo/1620/,2024
Bharat Highways InvIT,"Tue, Mar 12, 2024",₹100,₹103.05,3.05%,https://www.chittorgarh.com/ipo/bharat-highways-invit/1660/,2024
Mukka Proteins Ltd.,"Thu, Mar 7, 2024",₹28,₹42.25,50.89%,https://www.chittorgarh.com/ipo/mukka-proteins-ipo/1586/,2024
Platinum Industries Ltd.,"Tue, Mar 5, 2024",₹171,₹221.2,29.36%,https://www.chittorgarh.com/ipo/platinum-industries-ipo/1638/,2024
Exicom Tele-Systems Ltd.,"Tue, Mar 5, 2024",₹142,₹224.95,58.42%,https://www.chittorgarh.com/ipo/exicom-tele-systems-ipo/1642/,2024
GPT Healthcare Ltd.,"Thu, Feb 29, 2024",₹186,₹200.7,7.9%,https://www.chittorgarh.com/ipo/gpt-healthcare-ipo/1655/,2024
Juniper Hotels Ltd.,"Wed, Feb 28, 2024",₹360,₹401.5,11.53%,https://www.chittorgarh.com/ipo/juniper-hotels-ipo/1654/,2024
Vibhor Steel Tubes Ltd.,"Tue, Feb 20, 2024",₹151,₹446.25,195.53%,https://www.chittorgarh.com/ipo/vibhor-steel-tubes-ipo/1646/,2024
Entero Healthcare Solutions Ltd.,"Fri, Feb 16, 2024",₹1258,₹1149.55,-8.62%,https://www.chittorgarh.com/ipo/entero-healthcare-solutions-ipo/1643/,2024
Rashi Peripherals Ltd.,"Wed, Feb 14, 2024",₹311,₹321.5,3.38%,https://www.chittorgarh.com/ipo/rashi-peripherals-ipo/1634/,2024
Jana Small Finance Bank Ltd.,"Wed, Feb 14, 2024",₹414,₹368.15,-11.07%,https://www.chittorgarh.com/ipo/jana-sfb-ipo/1640/,2024
Capital Small Finance Bank Ltd.,"Wed, Feb 14, 2024",₹468,₹435,-7.05%,https://www.chittorgarh.com/ipo/capital-sfb-ipo/1641/,2024
Apeejay Surrendra Park Hotels Ltd.,"Mon, Feb 12, 2024",₹155,₹203.55,31.32%,https://www.chittorgarh.com/ipo/apeejay-surrendra-park-ipo/1635/,2024
BLS E-Services Ltd.,"Tue, Feb 6, 2024",₹135,₹366,171.11%,https://www.chittorgarh.com/ipo/bls-e-services-ipo/1632/,2024
Nova AgriTech Ltd.,"Wed, Jan 31, 2024",₹41,₹57.75,40.85%,https://www.chittorgarh.com/ipo/nova-agritech-ipo/1616/,2024
EPACK Durable Ltd.,"Tue, Jan 30, 2024",₹230,₹207.6,-9.74%,https://www.chittorgarh.com/ipo/epack-durable-ipo/1619/,2024
Medi Assist Healthcare Services Ltd.,"Tue, Jan 23, 2024",₹418,₹464.1,11.03%,https://www.chittorgarh.com/ipo/medi-assist-healthcare-ipo/1612/,2024
Jyoti CNC Automation Ltd.,"Tue, Jan 16, 2024",₹331,₹434.2,31.18%,https://www.chittorgarh.com/ipo/jyoti-cnc-automation-ipo/1611/,2024
Gujarat Kidney & Super Speciality Ltd.,"Tue, Dec 30, 2025",₹114,₹104.54,-8.3%,https://www.chittorgarh.com/ipo/gujarat-kidney-and-super-speciality-ipo/2289/,2025
KSH International Ltd.,"Tue, Dec 23, 2025",₹384,₹355,-7.55%,https://www.chittorgarh.com/ipo/ksh-international-ipo/2454/,2025
ICICI Prudential Asset Management Co.Ltd.,"Fri, Dec 19, 2025",₹2165,₹2585.9,19.44%,https://www.chittorgarh.com/ipo/icici-prudential-amc-ipo/2525/,2025
Park Medi World Ltd.,"Wed, Dec 17, 2025",₹162,₹147.95,-8.67%,https://www.chittorgarh.com/ipo/park-medi-world-ipo/2297/,2025
Nephrocare Health Services Ltd.,"Wed, Dec 17, 2025",₹460,₹471.25,2.45%,https://www.chittorgarh.com/ipo/nephrocare-health-ipo/2548/,2025
Corona Remedies Ltd.,"Mon, Dec 15, 2025",₹1062,₹1438.4,35.44%,https://www.chittorgarh.com/ipo/corona-remedies-ipo/2433/,2025
Wakefit Innovations Ltd.,"Mon, Dec 15, 2025",₹195,₹192.29,-1.39%,https://www.chittorgarh.com/ipo/wakefit-innovations-ipo/2488/,2025
Vidya Wires Ltd.,"Wed, Dec 10, 2025",₹52,₹53.17,2.25%,https://www.chittorgarh.com/ipo/vidya-wires-ipo/2005/,2025
Aequs Ltd.,"Wed, Dec 10, 2025",₹124,₹151.29,22.01%,https://www.chittorgarh.com/ipo/aequs-ipo/2465/,2025
Meesho Ltd.,"Wed, Dec 10, 2025",₹111,₹170.09,53.23%,https://www.chittorgarh.com/ipo/meesho-ipo/2516/,2025
Sudeep Pharma Ltd.,"Fri, Nov 28, 2025",₹593,₹774.15,30.55%,https://www.chittorgarh.com/ipo/sudeep-pharma-ipo/2484/,2025
Excelsoft Technologies Ltd.,"Wed, Nov 26, 2025",₹120,₹125.97,4.97%,https://www.chittorgarh.com/ipo/excelsoft-technologies-ipo/2148/,2025
Capillary Technologies India Ltd.,"Fri, Nov 21, 2025",₹577,₹606.5,5.11%,https://www.chittorgarh.com/ipo/capillary-technologies-ipo/2476/,2025
Fujiyama Power Systems Ltd.,"Thu, Nov 20, 2025",₹228,₹208.44,-8.58%,https://www.chittorgarh.com/ipo/fujiyama-power-systems-ipo/2025/,2025
Tenneco Clean Air India Ltd.,"Wed, Nov 19, 2025",₹397,₹490.8,23.63%,https://www.chittorgarh.com/ipo/tenneco-clean-ipo/2509/,2025
PhysicsWallah Ltd.,"Tue, Nov 18, 2025",₹109,₹155.24,42.42%,https://www.chittorgarh.com/ipo/physicswallah-ipo/2266/,2025
Emmvee Photovoltaic Power Ltd.,"Tue, Nov 18, 2025",₹217,₹219.4,1.11%,https://www.chittorgarh.com/ipo/emmvee-photovoltaic-ipo/2518/,2025
Pine Labs Ltd.,"Fri, Nov 14, 2025",₹221,₹250.89,13.52%,https://www.chittorgarh.com/ipo/pine-labs-ipo/2487/,2025
Billionbrains Garage Ventures Ltd.,"Wed, Nov 12, 2025",₹100,₹131.33,31.33%,https://www.chittorgarh.com/ipo/groww-ipo/2453/,2025
Lenskart Solutions Ltd.,"Mon, Nov 10, 2025",₹402,₹403.1,0.27%,https://www.chittorgarh.com/ipo/lenskart-solutions-ipo/2551/,2025
Studds Accessories Ltd.,"Fri, Nov 7, 2025",₹585,₹560.3,-4.22%,https://www.chittorgarh.com/ipo/studds-accessories-ipo/2259/,2025
Orkla India Ltd.,"Thu, Nov 6, 2025",₹730,₹713.65,-2.24%,https://www.chittorgarh.com/ipo/orkla-india-ipo/2470/,2025
Midwest Ltd.,"Fri, Oct 24, 2025",₹1065,₹1140.5,7.09%,https://www.chittorgarh.com/ipo/midwest-ipo/2150/,2025
Canara HSBC Life Insurance Co.Ltd.,"Fri, Oct 17, 2025",₹106,₹111.42,5.11%,https://www.chittorgarh.com/ipo/canara-hsbc-life-insurance-ipo/2429/,2025
Rubicon Research Ltd.,"Thu, Oct 16, 2025",₹485,₹628.2,29.53%,https://www.chittorgarh.com/ipo/rubicon-research-ipo/2254/,2025
Canara Robeco Asset Management Co.Ltd.,"Thu, Oct 16, 2025",₹266,₹300.45,12.95%,https://www.chittorgarh.com/ipo/canara-robeco-ipo/2428/,2025
Anantam Highways Trust,"Thu, Oct 16, 2025",₹100,₹105.37,5.37%,https://www.chittorgarh.com/ipo/anantam-highways-invit/2666/,2025
LG Electronics India Ltd.,"Tue, Oct 14, 2025",₹1140,₹1689.9,48.24%,https://www.chittorgarh.com/ipo/lg-electronics-india-ipo/2064/,2025
Tata Capital Ltd.,"Mon, Oct 13, 2025",₹326,₹330.5,1.38%,https://www.chittorgarh.com/ipo/tata-capital-ipo/2317/,2025
WeWork India Management Ltd.,"Fri, Oct 10, 2025",₹648,₹628.65,-2.99%,https://www.chittorgarh.com/ipo/wework-india-management-ipo/2014/,2025
Advance Agrolife Ltd.,"Wed, Oct 8, 2025",₹100,₹108.3,8.3%,https://www.chittorgarh.com/ipo/advance-agrolife-ipo/2290/,2025
Om Freight Forwarders Ltd.,"Wed, Oct 8, 2025",₹135,₹85.57,-36.61%,https://www.chittorgarh.com/ipo/om-freight-forwarders-ipo/2407/,2025
Glottis Ltd.,"Tue, Oct 7, 2025",₹129,₹83.7,-35.12%,https://www.chittorgarh.com/ipo/glottis-ipo/1998/,2025
Fabtech Technologies Ltd.,"Tue, Oct 7, 2025",₹191,₹182.4,-4.5%,https://www.chittorgarh.com/ipo/fabtech-technologies-ipo/2624/,2025
Pace Digitek Ltd.,"Mon, Oct 6, 2025",₹219,₹217.99,-0.46%,https://www.chittorgarh.com/ipo/pace-digitek-ipo/2306/,2025
Trualt Bioenergy Ltd.,"Fri, Oct 3, 2025",₹496,₹530.95,7.05%,https://www.chittorgarh.com/ipo/trualt-bioenergy-ipo/2231/,2025
Jinkushal Industries Ltd.,"Fri, Oct 3, 2025",₹121,₹121.66,0.55%,https://www.chittorgarh.com/ipo/jinkushal-industries-ipo/2432/,2025
Epack Prefab Technologies Ltd.,"Wed, Oct 1, 2025",₹204,₹190.66,-6.54%,https://www.chittorgarh.com/ipo/epack-prefab-technologies-ipo/2023/,2025
BMW Ventures Ltd.,"Wed, Oct 1, 2025",₹99,₹74.1,-25.15%,https://www.chittorgarh.com/ipo/bmw-ventures-ipo/2212/,2025
Jain Resource Recycling Ltd.,"Wed, Oct 1, 2025",₹232,₹318.06,37.09%,https://www.chittorgarh.com/ipo/jain-resource-recycling-ipo/2345/,2025
Anand Rathi Share & Stock Brokers Ltd.,"Tue, Sep 30, 2025",₹414,₹445.55,7.62%,https://www.chittorgarh.com/ipo/anand-rathi-stock-brokers-ipo/2028/,2025
Seshaasai Technologies Ltd.,"Tue, Sep 30, 2025",₹423,₹411.45,-2.73%,https://www.chittorgarh.com/ipo/seshaasai-technologies-ipo/2048/,2025
Jaro Institute of Technology Management & Research Ltd.,"Tue, Sep 30, 2025",₹890,₹744.25,-16.38%,https://www.chittorgarh.com/ipo/jaro-education-ipo/2075/,2025
Solarworld Energy Solutions Ltd.,"Tue, Sep 30, 2025",₹351,₹323.5,-7.83%,https://www.chittorgarh.com/ipo/solarworld-energy-ipo/2174/,2025
Atlanta Electricals Ltd.,"Mon, Sep 29, 2025",₹754,₹823.35,9.2%,https://www.chittorgarh.com/ipo/atlanta-electricals-ipo/2011/,2025
Ganesh Consumer Products Ltd.,"Mon, Sep 29, 2025",₹322,₹294.3,-8.6%,https://www.chittorgarh.com/ipo/ganesh-consumer-ipo/2045/,2025
GK Energy Ltd.,"Fri, Sep 26, 2025",₹153,₹167.74,9.63%,https://www.chittorgarh.com/ipo/gk-energy-ipo/2042/,2025
Saatvik Green Energy Ltd.,"Fri, Sep 26, 2025",₹465,₹440.7,-5.23%,https://www.chittorgarh.com/ipo/saatvik-green-energy-ipo/2082/,2025
Ivalue Infosolutions Ltd.,"Thu, Sep 25, 2025",₹299,₹281.85,-5.74%,https://www.chittorgarh.com/ipo/ivalue-infosolutions-ipo/2227/,2025
VMS TMT Ltd.,"Wed, Sep 24, 2025",₹99,₹99.65,0.66%,https://www.chittorgarh.com/ipo/vms-tmt-ipo/2161/,2025
Euro Pratik Sales Ltd.,"Tue, Sep 23, 2025",₹247,₹248.38,0.56%,https://www.chittorgarh.com/ipo/euro-pratik-ipo/2015/,2025
Shringar House of Mangalsutra Ltd.,"Wed, Sep 17, 2025",₹165,₹184.88,12.05%,https://www.chittorgarh.com/ipo/shringar-house-of-mangalsutra-ipo/2003/,2025
Dev Accelerator Ltd.,"Wed, Sep 17, 2025",₹61,₹64.05,5%,https://www.chittorgarh.com/ipo/dev-accelerator-ipo/2117/,2025
Urban Co.Ltd.,"Wed, Sep 17, 2025",₹103,₹166.83,61.97%,https://www.chittorgarh.com/ipo/urban-company-ipo/2425/,2025
Amanta Healthcare Ltd.,"Tue, Sep 9, 2025",₹126,₹141.75,12.5%,https://www.chittorgarh.com/ipo/amanta-healthcare-ipo/2001/,2025
Anlon Healthcare Ltd.,"Wed, Sep 3, 2025",₹91,₹91.73,0.8%,https://www.chittorgarh.com/ipo/anlon-healthcare-ipo/2053/,2025
Vikran Engineering Ltd.,"Wed, Sep 3, 2025",₹97,₹95.71,-1.33%,https://www.chittorgarh.com/ipo/vikran-engineering-ipo/2126/,2025
Mangal Electrical Industries Ltd.,"Thu, Aug 28, 2025",₹561,₹535.35,-4.57%,https://www.chittorgarh.com/ipo/mangal-electrical-ipo/2069/,2025
Shreeji Shipping Global Ltd.,"Tue, Aug 26, 2025",₹252,₹255.1,1.23%,https://www.chittorgarh.com/ipo/shreeji-shipping-global-ipo/2018/,2025
Gem Aromatics Ltd.,"Tue, Aug 26, 2025",₹325,₹319.05,-1.83%,https://www.chittorgarh.com/ipo/gem-aromatics-ipo/2032/,2025
Vikram Solar Ltd.,"Tue, Aug 26, 2025",₹332,₹356.4,7.35%,https://www.chittorgarh.com/ipo/vikram-solar-ipo/2152/,2025
Patel Retail Ltd.,"Tue, Aug 26, 2025",₹255,₹287.7,12.82%,https://www.chittorgarh.com/ipo/patel-retail-ipo/2318/,2025
Regaal Resources Ltd.,"Wed, Aug 20, 2025",₹102,₹131.58,29%,https://www.chittorgarh.com/ipo/regaal-resources-ipo/2035/,2025
BlueStone Jewellery & Lifestyle Ltd.,"Tue, Aug 19, 2025",₹517,₹546,5.61%,https://www.chittorgarh.com/ipo/bluestone-jewellery-ipo/2059/,2025
Knowledge Realty Trust,"Mon, Aug 18, 2025",₹100,₹106.24,6.24%,https://www.chittorgarh.com/ipo/knowledge-realty-trust-reit-ipo/2485/,2025
All Time Plastics Ltd.,"Thu, Aug 14, 2025",₹275,₹283.3,3.02%,https://www.chittorgarh.com/ipo/all-time-plastics-ipo/2125/,2025
JSW Cement Ltd.,"Thu, Aug 14, 2025",₹147,₹146.07,-0.63%,https://www.chittorgarh.com/ipo/jsw-cement-ipo/2230/,2025
Highway Infrastructure Ltd.,"Tue, Aug 12, 2025",₹70,₹120.75,72.5%,https://www.chittorgarh.com/ipo/highway-infrastructure-ipo/2180/,2025
Sri Lotus Developers & Realty Ltd.,"Wed, Aug 6, 2025",₹150,₹195.67,30.45%,https://www.chittorgarh.com/ipo/sri-lotus-developers-and-realty-ipo/2027/,2025
M&B Engineering Ltd.,"Wed, Aug 6, 2025",₹385,₹408.65,6.14%,https://www.chittorgarh.com/ipo/mb-engineering-ipo/2049/,2025
National Securities Depository Ltd.,"Wed, Aug 6, 2025",₹800,₹936,17%,https://www.chittorgarh.com/ipo/national-securities-depository-limited-nsdl-ipo/2448/,2025
Laxmi India Finance Ltd.,"Tue, Aug 5, 2025",₹158,₹134.11,-15.12%,https://www.chittorgarh.com/ipo/laxmi-india-finance-ipo/2030/,2025
Aditya Infotech Ltd.,"Tue, Aug 5, 2025",₹675,₹1082.65,60.39%,https://www.chittorgarh.com/ipo/aditya-infotech-ipo/2036/,2025
Property Share Investment Trust-PropShare Titania,"Mon, Aug 4, 2025",₹1060000,₹1061100,0.1%,https://www.chittorgarh.com/ipo/propshare-titania-scheme-sm-reit-ipo/2533/,2025
Shanti Gold International Ltd.,"Fri, Aug 1, 2025",₹199,₹229.38,15.27%,https://www.chittorgarh.com/ipo/shanti-gold-ipo/2008/,2025
Brigade Hotel Ventures Ltd.,"Thu, Jul 31, 2025",₹90,₹85.32,-5.2%,https://www.chittorgarh.com/ipo/brigade-hotel-ventures-ipo/2094/,2025
Indiqube Spaces Ltd.,"Wed, Jul 30, 2025",₹237,₹217.97,-8.03%,https://www.chittorgarh.com/ipo/indiqube-spaces-ipo/2038/,2025
GNG Electronics Ltd.,"Wed, Jul 30, 2025",₹237,₹333.39,40.67%,https://www.chittorgarh.com/ipo/gng-electronics-ipo/2046/,2025
Anthem Biosciences Ltd.,"Mon, Jul 21, 2025",₹570,₹730.35,28.13%,https://www.chittorgarh.com/ipo/anthem-biosciences-ipo/2029/,2025
Smartworks Coworking Spaces Ltd.,"Thu, Jul 17, 2025",₹407,₹445.05,9.35%,https://www.chittorgarh.com/ipo/smartworks-coworking-ipo/2034/,2025
Travel Food Services Ltd.,"Mon, Jul 14, 2025",₹1100,₹1074.8,-2.29%,https://www.chittorgarh.com/ipo/travel-food-services-ipo/2054/,2025
Crizac Ltd.,"Wed, Jul 9, 2025",₹245,₹307.63,25.56%,https://www.chittorgarh.com/ipo/crizac-ipo/2096/,2025
Indogulf Cropsciences Ltd.,"Thu, Jul 3, 2025",₹111,₹110.35,-0.59%,https://www.chittorgarh.com/ipo/indogulf-cropsciences-ipo/2074/,2025
Sambhv Steel Tubes Ltd.,"Wed, Jul 2, 2025",₹82,₹97.59,19.01%,https://www.chittorgarh.com/ipo/sambhv-steel-tubes-ipo/2073/,2025
HDB Financial Services Ltd.,"Wed, Jul 2, 2025",₹740,₹840.95,13.64%,https://www.chittorgarh.com/ipo/hdb-financial-ipo/2110/,2025
Globe Civil Projects Ltd.,"Tue, Jul 1, 2025",₹71,₹94.46,33.04%,https://www.chittorgarh.com/ipo/globe-civil-projects-ipo/2149/,2025
Ellenbarrie Industrial Gases Ltd.,"Tue, Jul 1, 2025",₹400,₹534.6,33.65%,https://www.chittorgarh.com/ipo/ellenbarrie-industrial-gases-ipo/2189/,2025
Kalpataru Ltd.,"Tue, Jul 1, 2025",₹414,₹432.95,4.58%,https://www.chittorgarh.com/ipo/kalpataru-ipo/2229/,2025
Arisinfra Solutions Ltd.,"Wed, Jun 25, 2025",₹222,₹174.38,-21.45%,https://www.chittorgarh.com/ipo/arisinfra-solutions-ipo/1971/,2025
Oswal Pumps Ltd.,"Fri, Jun 20, 2025",₹614,₹625.35,1.85%,https://www.chittorgarh.com/ipo/oswal-pumps-ipo/2202/,2025
Scoda Tubes Ltd.,"Wed, Jun 4, 2025",₹140,₹147,5%,https://www.chittorgarh.com/ipo/scoda-tubes-ipo/2172/,2025
Prostarm Info Systems Ltd.,"Tue, Jun 3, 2025",₹105,₹126,20%,https://www.chittorgarh.com/ipo/prostarm-info-systems-ipo/2016/,2025
Aegis Vopak Terminals Ltd.,"Mon, Jun 2, 2025",₹235,₹242,2.98%,https://www.chittorgarh.com/ipo/aegis-vopak-terminals-ipo/2080/,2025
Schloss Bangalore Ltd.,"Mon, Jun 2, 2025",₹435,₹435.55,0.13%,https://www.chittorgarh.com/ipo/leela-hotels-ipo/2182/,2025
Belrise Industries Ltd.,"Wed, May 28, 2025",₹90,₹97.41,8.23%,https://www.chittorgarh.com/ipo/belrise-industries-ipo/2083/,2025
Borana Weaves Ltd.,"Tue, May 27, 2025",₹216,₹255.15,18.13%,https://www.chittorgarh.com/ipo/borana-weaves-ipo/2099/,2025
Ather Energy Ltd.,"Tue, May 6, 2025",₹321,₹302.3,-5.83%,https://www.chittorgarh.com/ipo/ather-energy-ipo/2357/,2025
Quality Power Electrical Equipments Ltd.,"Mon, Feb 24, 2025",₹425,₹387.9,-8.73%,https://www.chittorgarh.com/ipo/quality-power-ipo/1988/,2025
Hexaware Technologies Ltd.,"Wed, Feb 19, 2025",₹708,₹762.55,7.7%,https://www.chittorgarh.com/ipo/hexaware-technologies-ipo/1985/,2025
Ajax Engineering Ltd.,"Mon, Feb 17, 2025",₹629,₹595.4,-5.34%,https://www.chittorgarh.com/ipo/ajax-engineering-ipo/1983/,2025
Dr.Agarwal's Health Care Ltd.,"Tue, Feb 4, 2025",₹402,₹401.65,-0.09%,https://www.chittorgarh.com/ipo/dr-agarwals-healthcare-ipo/1975/,2025
Denta Water & Infra Solutions Ltd.,"Wed, Jan 29, 2025",₹294,₹341.25,16.07%,https://www.chittorgarh.com/ipo/denta-water-ipo/1970/,2025
Stallion India Fluorochemicals Ltd.,"Thu, Jan 23, 2025",₹90,₹126,40%,https://www.chittorgarh.com/ipo/stallion-india-ipo/1967/,2025
Laxmi Dental Ltd.,"Mon, Jan 20, 2025",₹428,₹550.55,28.63%,https://www.chittorgarh.com/ipo/laxmi-dental-ipo/1961/,2025
Capital Infra Trust,"Fri, Jan 17, 2025",₹99,₹99.02,0.02%,https://www.chittorgarh.com/ipo/capital-infra-trust-invit/1957/,2025
Quadrant Future Tek Ltd.,"Tue, Jan 14, 2025",₹290,₹444,53.1%,https://www.chittorgarh.com/ipo/quadrant-future-tek-ipo/1954/,2025
Standard Glass Lining Technology Ltd.,"Mon, Jan 13, 2025",₹140,₹163.35,16.68%,https://www.chittorgarh.com/ipo/standard-glass-lining-ipo/1951/,2025
Indo Farm Equipment Ltd.,"Tue, Jan 7, 2025",₹215,₹273.69,27.3%,https://www.chittorgarh.com/ipo/indo-farm-equipment-ipo/1934/,2025
Knack Packaging Ltd.,"Wed, Jul 8, 2026",₹170,₹182.98,7.64%,https://www.chittorgarh.com/ipo/knack-packaging-ipo/2592/,2026
Aastha Spintex Ltd.,"Mon, Jul 6, 2026",₹136,₹136.49,0.36%,https://www.chittorgarh.com/ipo/aastha-spintex-ipo/2678/,2026
CSM Technologies Ltd.,"Thu, Jul 2, 2026",₹113,₹107.35,-5%,https://www.chittorgarh.com/ipo/csm-technologies-ipo/2641/,2026
Waterways Leisure Tourism Ltd.,"Wed, Jul 1, 2026",₹808,₹668.1,-17.31%,https://www.chittorgarh.com/ipo/cordelia-cruises-ipo/2474/,2026
Advit Jewels Ltd.,"Wed, Jul 1, 2026",₹138,₹179.46,30.04%,https://www.chittorgarh.com/ipo/advit-jewels-ipo/2686/,2026
Turtlemint Fintech Solutions Ltd.,"Mon, Jun 29, 2026",₹152,₹135.37,-10.94%,https://www.chittorgarh.com/ipo/turtlemint-fintech-solutions-ipo/2601/,2026
Hexagon Nutrition Ltd.,"Fri, Jun 12, 2026",₹45,₹53.19,18.2%,https://www.chittorgarh.com/ipo/hexagon-nutrition-ipo/2658/,2026
CMR Green Technologies Ltd.,"Wed, Jun 10, 2026",₹192,₹241.2,25.62%,https://www.chittorgarh.com/ipo/cmr-green-technologies-ipo/2586/,2026
Bagmane Prime Office REIT,"Thu, May 14, 2026",₹100,₹103.6,3.6%,https://www.chittorgarh.com/ipo/bagmane-reit/3090/,2026
OnEMI Technology Solutions Ltd.,"Fri, May 8, 2026",₹171,₹208.63,22.01%,https://www.chittorgarh.com/ipo/onemi-technology-ipo/2576/,2026
Citius Transnet Investment Trust,"Wed, Apr 29, 2026",₹100,₹106.23,6.23%,https://www.chittorgarh.com/ipo/citius-transnet-invit-ipo/2862/,2026
Property Share Investment Trust-Propshare Celestia,"Fri, Apr 24, 2026",₹1050000,₹1035000,-1.43%,https://www.chittorgarh.com/ipo/propshare-celestia-scheme-ipo/2965/,2026
Om Power Transmission Ltd.,"Fri, Apr 17, 2026",₹175,₹193.38,10.5%,https://www.chittorgarh.com/ipo/om-power-transmission-ipo/2676/,2026
Amir Chand Jagdish Kumar (Exports) Ltd.,"Thu, Apr 2, 2026",₹212,₹180,-15.09%,https://www.chittorgarh.com/ipo/amir-chand-jagdish-kumar-ipo/2501/,2026
Powerica Ltd.,"Thu, Apr 2, 2026",₹395,₹390,-1.27%,https://www.chittorgarh.com/ipo/powerica-ipo/2570/,2026
Sai Parenteral's Ltd.,"Thu, Apr 2, 2026",₹392,₹405.7,3.49%,https://www.chittorgarh.com/ipo/sai-parenterals-ipo/2681/,2026
Central Mine Planning & Design Institute Ltd.,"Mon, Mar 30, 2026",₹172,₹154.06,-10.43%,https://www.chittorgarh.com/ipo/central-mine-planning-design-institute-ipo/2456/,2026
GSP Crop Science Ltd.,"Tue, Mar 24, 2026",₹320,₹356.25,11.33%,https://www.chittorgarh.com/ipo/gsp-crop-ipo/2031/,2026
Raajmarg Infra Investment Trust,"Tue, Mar 24, 2026",₹100,₹100,0%,https://www.chittorgarh.com/ipo/raajmarg-infra-investment-trust-ipo/2863/,2026
Innovision Ltd.,"Mon, Mar 23, 2026",₹519,₹374.2,-27.9%,https://www.chittorgarh.com/ipo/innovision-limited-ipo/2039/,2026
Rajputana Stainless Ltd.,"Thu, Mar 19, 2026",₹122,₹113.03,-7.35%,https://www.chittorgarh.com/ipo/rajputana-stainless-ipo/2067/,2026
SEDEMAC Mechatronics Ltd.,"Wed, Mar 11, 2026",₹1352,₹1451.1,7.33%,https://www.chittorgarh.com/ipo/sedemac-mechatronics-ipo/2794/,2026
Omnitech Engineering Ltd.,"Thu, Mar 5, 2026",₹227,₹204.93,-9.72%,https://www.chittorgarh.com/ipo/omnitech-engineering-ipo/2479/,2026
PNGS Reva Diamond Jewellery Ltd.,"Wed, Mar 4, 2026",₹386,₹411.7,6.66%,https://www.chittorgarh.com/ipo/pngs-reva-ipo/2475/,2026
Shree Ram Twistex Ltd.,"Mon, Mar 2, 2026",₹104,₹71.4,-31.35%,https://www.chittorgarh.com/ipo/shree-ram-twistex-ipo/2502/,2026
Clean Max Enviro Energy Solutions Ltd.,"Mon, Mar 2, 2026",₹1053,₹867.5,-17.62%,https://www.chittorgarh.com/ipo/clean-max-enviro-energy-solutions-ipo/2573/,2026
Gaudium IVF & Women Health Ltd.,"Fri, Feb 27, 2026",₹79,₹80.26,1.59%,https://www.chittorgarh.com/ipo/gaudium-ivf-ipo/2019/,2026
Aye Finance Ltd.,"Mon, Feb 16, 2026",₹129,₹128.91,-0.07%,https://www.chittorgarh.com/ipo/aye-finance-ipo/2026/,2026
Fractal Analytics Ltd.,"Mon, Feb 16, 2026",₹900,₹847.15,-5.87%,https://www.chittorgarh.com/ipo/fractal-analytics-ipo/2569/,2026
Shadowfax Technologies Ltd.,"Wed, Jan 28, 2026",₹124,₹109.98,-11.31%,https://www.chittorgarh.com/ipo/shadowfax-technologies-ipo/2526/,2026
Amagi Media Labs Ltd.,"Wed, Jan 21, 2026",₹361,₹348.25,-3.53%,https://www.chittorgarh.com/ipo/amagi-media-labs-ipo/2549/,2026
Bharat Coking Coal Ltd.,"Mon, Jan 19, 2026",₹23,₹40.58,76.43%,https://www.chittorgarh.com/ipo/bharat-coking-coal-ipo/2462/,2026
