company,pdf_url,sebi_title,doc_type,match_score
Prince Pipes & Fittings Ltd.,https://www.sebi.gov.in/sebi_data/attachdocs/dec-2019/1576589642439.pdf,PRINCE PIPES AND FITTINGS LIMITED,RHP,100.0
Manaksia Ltd.,https://www.sebi.gov.in/sebi_data/attachdocs/1291713036740.pdf,Manaksia Limited,RHP,100.0
Ujjivan Small Finance Bank Ltd.,https://www.sebi.gov.in/sebi_data/attachdocs/dec-2019/1575266886933.pdf,Ujjivan Small Finance Bank,RHP,100.0
CSB Bank Ltd.,https://www.sebi.gov.in/sebi_data/attachdocs/aug-2019/1565675210432.PDF,CSB Bank Limited,RHP,100.0
Precision Pipes & Profiles Co.Ltd.,https://www.sebi.gov.in/sebi_data/attachdocs/1291967031292.pdf,Precision Pipes and Profiles Company Limited,RHP,87.27272727272728
Vishwaraj Sugar Industries Ltd.,https://www.sebi.gov.in/sebi_data/attachdocs/sep-2019/1569234655070.pdf,Vishwaraj Sugar Industries Limited,RHP,100.0
Indian Railway Catering & Tourism Corp.Ltd.,https://www.sebi.gov.in/sebi_data/attachdocs/sep-2019/1569818278938.PDF,Indian Railway Catering and Tourism Corporation Limited,RHP,93.93939393939394
Spandana Sphoorty Financial Ltd.,https://www.sebi.gov.in/sebi_data/attachdocs/jun-2018/1530183981177.pdf,Spandana Sphoorty Financial Limited,RHP,100.0
Affle (India) Ltd.,https://www.sebi.gov.in/sebi_data/attachdocs/jul-2019/1564375161781.pdf,Affle (India) Limited - Red Hearing Prospectus,RHP,100.0
IndiaMART InterMESH Ltd.,https://www.sebi.gov.in/sebi_data/attachdocs/jun-2019/1561438031002.pdf,IndiaMART InterMESH Ltd,RHP,100.0
Barak Valley Cements Ltd.,https://www.sebi.gov.in/sebi_data/attachdocs/1291890422153.pdf,Prospectus  -Barak Valley Cements Limited,RHP,100.0
Neogen Chemicals Ltd.,https://www.sebi.gov.in/sebi_data/attachdocs/apr-2019/1556032782615.pdf,NEOGEN CHEMICALS LIMITED,RHP,100.0
Polycab India Ltd.,https://www.sebi.gov.in/sebi_data/attachdocs/nov-2018/1541160009196_6.pdf,Polycab India Limited,RHP,100.0
Metropolis Healthcare Ltd.,https://www.sebi.gov.in/sebi_data/attachdocs/mar-2019/1553853375519.pdf,Metropolis Healthcare Ltd,RHP,100.0
Rail Vikas Nigam Ltd.,https://www.sebi.gov.in/sebi_data/attachdocs/apr-2019/1554184649780.pdf,RAIL VIKAS NIGAM LIMITED,RHP,100.0
MSTC Ltd.,https://www.sebi.gov.in/sebi_data/attachdocs/mar-2019/1552893221527.pdf,MSTC Ltd- Price Band Revision Advertiement,RHP,100.0
Chalet Hotels Ltd.,https://www.sebi.gov.in/sebi_data/attachdocs/jul-2018/1530849126603.pdf,Chalet Hotels Limited,RHP,100.0
Xelpmoc Design & Tech Ltd.,https://www.sebi.gov.in/sebi_data/attachdocs/aug-2018/1535533795754.pdf,Xelpmoc Design and Tech Limited,RHP,100.0
Burger King India Ltd.,https://www.sebi.gov.in/sebi_data/attachdocs/nov-2020/1606458080674.pdf,Burger King India Ltd.,RHP,100.0
Gland Pharma Ltd.,https://www.sebi.gov.in/sebi_data/attachdocs/nov-2020/1604666447142.pdf,RHP of Gland Pharma Limited,RHP,100.0
Equitas Small Finance Bank Ltd.,https://www.sebi.gov.in/sebi_data/attachdocs/dec-2019/1576647333973.pdf,Equitas Small Finance Bank Limited,RHP,100.0
Likhitha Infrastructure Ltd.,https://www.sebi.gov.in/sebi_data/attachdocs/sep-2020/1600667159657.pdf,Likhitha infrastructure Ltd,RHP,100.0
UTI Asset Management Co.Ltd.,https://www.sebi.gov.in/sebi_data/attachdocs/1290750457729.pdf,UTI Asset Management Company Limited,RHP,85.1063829787234
Mazagon Dock Shipbuilders Ltd.,https://www.sebi.gov.in/sebi_data/attachdocs/apr-2018/1522662290321.pdf,Mazagon Dock Shipbuilders Limited,RHP,100.0
Angel Broking Ltd.,https://www.sebi.gov.in/sebi_data/attachdocs/sep-2018/1536302772232.pdf,Angel Broking Limited,RHP,100.0
Computer Age Management Services Ltd.,https://www.sebi.gov.in/sebi_data/attachdocs/sep-2020/1600154905156.pdf,Computer Age Management Services Limited,RHP,100.0
Chemcon Speciality Chemicals Ltd.,https://www.sebi.gov.in/sebi_data/attachdocs/sep-2020/1600236709847.PDF,Chemcon Speciality Chemicals Limited,RHP,100.0
SBI Cards & Payment Services Ltd.,https://www.sebi.gov.in/sebi_data/attachdocs/dec-2019/1575268925170.PDF,SBI Cards and Payment Services Limited,RHP,100.0
CMS Info Systems Ltd.,https://www.sebi.gov.in/sebi_data/attachdocs/oct-2017/1509189368588.pdf,CMS Info Systems Limited,RHP,100.0
HP Adhesives Ltd.,https://www.sebi.gov.in/sebi_data/attachdocs/dec-2021/1638887990094.pdf,HP Adhesives Limited,RHP,100.0
Data Patterns (India) Ltd.,https://www.sebi.gov.in/sebi_data/attachdocs/may-2023/1684483767956.pdf,Data Patterns (India) Limited,RHP,100.0
Rategain Travel Technologies Ltd.,https://www.sebi.gov.in/sebi_data/attachdocs/aug-2021/1629278801573.pdf,Rategain Travel Technologies Limited,RHP,100.0
Star Health & Allied Insurance Co.Ltd.,https://www.sebi.gov.in/sebi_data/attachdocs/nov-2021/1637747539836.pdf,Star Health and Allied Insurance Company Limited,RHP,88.88888888888889
Tarsons Products Ltd.,https://www.sebi.gov.in/sebi_data/attachdocs/may-2023/1683090785044.pdf,Tarsons Products Limited,RHP,100.0
Latent View Analytics Ltd.,https://www.sebi.gov.in/sebi_data/attachdocs/apr-2023/1681883805652.pdf,Latent View Analytics Limited,RHP,100.0
One 97 Communications Ltd.,https://www.sebi.gov.in/sebi_data/attachdocs/jul-2021/1626426805246.pdf,One 97 Communications Limited,RHP,100.0
Sapphire Foods India Ltd.,https://www.sebi.gov.in/sebi_data/attachdocs/oct-2021/1635501629359.PDF,Sapphire Foods India Limited,RHP,100.0
Sigachi Industries Ltd.,https://www.sebi.gov.in/sebi_data/attachdocs/oct-2021/1635221896966.pdf,Sigachi Industries Ltd,RHP,100.0
PB Fintech Ltd.,https://www.sebi.gov.in/sebi_data/attachdocs/oct-2021/1635395300515.pdf,PB Fintech Limited - RHP,RHP,100.0
Fino Payments Bank Ltd.,https://www.sebi.gov.in/sebi_data/attachdocs/oct-2021/1635160072149.PDF,Fino Payments Bank Limited,RHP,100.0
FSN E-Commerce Ventures Ltd.,https://www.sebi.gov.in/sebi_data/attachdocs/oct-2021/1634878630763.pdf,FSN E-Commerce Ventures Limited- RHP,RHP,100.0
Aditya Birla Sun Life AMC Ltd.,https://www.sebi.gov.in/sebi_data/attachdocs/sep-2021/1632457733243.pdf,Aditya Birla Sun Life AMC Limited - RHP,RHP,100.0
Chemplast Sanmar Ltd.,https://www.sebi.gov.in/sebi_data/attachdocs/may-2021/1620030645369.pdf,Chemplast Sanmar Limited,RHP,100.0
CarTrade Tech Ltd.,https://www.sebi.gov.in/sebi_data/attachdocs/aug-2021/1627878307780.pdf,Cartrade Tech Limited - RHP,RHP,100.0
Krsnaa Diagnostics Ltd.,https://www.sebi.gov.in/sebi_data/attachdocs/may-2023/1684479827992.pdf,Krsnaa Diagnostics Limited,RHP,100.0
Devyani International Ltd.,https://www.sebi.gov.in/sebi_data/attachdocs/may-2021/1621233522211.pdf,Devyani International Limited,RHP,100.0
Exxaro Tiles Ltd.,https://www.sebi.gov.in/sebi_data/attachdocs/jul-2021/1627629628713.pdf,Exxaro Tiles limited,RHP,100.0
Rolex Rings Ltd.,https://www.sebi.gov.in/sebi_data/attachdocs/apr-2023/1681710544133.pdf,Rolex Rings Limited,RHP,100.0
Glenmark Life Sciences Ltd.,https://www.sebi.gov.in/sebi_data/attachdocs/apr-2021/1618814754067.pdf,Glenmark Life Sciences Limited,RHP,100.0
Tatva Chintan Pharma Chem Ltd.,https://www.sebi.gov.in/sebi_data/attachdocs/may-2023/1683095683639.pdf,Tatva Chintan Pharma Chem Limited,RHP,100.0
Zomato Ltd.,https://www.sebi.gov.in/sebi_data/attachdocs/jul-2021/1625733194227.pdf,Zomato Limited - RHP,RHP,100.0
G R Infraprojects Ltd.,https://www.sebi.gov.in/sebi_data/attachdocs/may-2018/1525260712851.pdf,G R Infraprojects Limited,RHP,100.0
Krishna Institute of Medical Sciences Ltd.,https://www.sebi.gov.in/sebi_data/attachdocs/jun-2021/1623839237281.PDF,Krishna institute of medical sciences limited RHP,RHP,100.0
Sona BLW Precision Forgings Ltd.,https://www.sebi.gov.in/sebi_data/attachdocs/jun-2021/1623303272343.pdf,Sona BLW Precision Forgings Ltd - RHP,RHP,100.0
Macrotech Developers Ltd.,https://www.sebi.gov.in/sebi_data/attachdocs/apr-2023/1681818049692.pdf,Macrotech Developers Limited,RHP,100.0
Barbeque-Nation Hospitality Ltd.,https://www.sebi.gov.in/sebi_data/attachdocs/feb-2020/1582197103291.PDF,Barbeque Nation Hospitality Limited,RHP,100.0
Kalyan Jewellers India Ltd.,https://www.sebi.gov.in/sebi_data/attachdocs/apr-2023/1681362757510.pdf,Kalyan Jewellers India Limited - Red Herring Prospectus,RHP,100.0
Craftsman Automation Ltd.,https://www.sebi.gov.in/sebi_data/attachdocs/apr-2023/1681361130856.PDF,Craftsman Automation Limited,RHP,100.0
Heranba Industries Ltd.,https://www.sebi.gov.in/sebi_data/attachdocs/oct-2018/1538393293334.pdf,Heranba Industries Limited,RHP,100.0
RailTel Corp.of India Ltd.,,,,0.0
Home First Finance Co.India Ltd.,https://www.sebi.gov.in/sebi_data/attachdocs/dec-2019/1575274673139.pdf,Home First Finance Company India Limited,RHP,94.11764705882354
Indigo Paints Ltd.,https://www.sebi.gov.in/sebi_data/attachdocs/jan-2021/1610449445872.PDF,Indigo Paints Limited,RHP,100.0
Indian Railway Finance Corp.Ltd.,https://www.sebi.gov.in/sebi_data/attachdocs/jan-2021/1610538914821.pdf,Indian Railway Finance Corporation Limited,RHP,100.0
Antony Waste Handling Cell Ltd.,https://www.sebi.gov.in/sebi_data/attachdocs/apr-2023/1681707416612.pdf,Antony Waste Handling Cell Ltd.,RHP,100.0
KFin Technologies Ltd.,https://www.sebi.gov.in/sebi_data/attachdocs/dec-2022/1670995026507.PDF,Kfin Technologies Limited - RHP,RHP,100.0
Landmark Cars Ltd.,https://www.sebi.gov.in/sebi_data/attachdocs/dec-2022/1670581995031.pdf,Landmark Cars Limited – RHP,RHP,100.0
Uniparts India Ltd.,https://www.sebi.gov.in/sebi_data/attachdocs/nov-2022/1669354719740.PDF,Uniparts India Limited - RHP,RHP,100.0
Dharmaj Crop Guard Ltd.,https://www.sebi.gov.in/sebi_data/attachdocs/nov-2022/1669177261427.PDF,Dharmaj Crop Guard Limited - Red Herring Prospectus,RHP,100.0
Keystone Realtors Ltd.,https://www.sebi.gov.in/sebi_data/attachdocs/nov-2022/1667969623175.PDF,Keystone Realtors Limited - RHP,RHP,100.0
Inox Green Energy Services Ltd.,https://www.sebi.gov.in/sebi_data/attachdocs/nov-2022/1667791280614.pdf,Inox Green Energy Services Limited - RHP,RHP,100.0
Kaynes Technology India Ltd.,https://www.sebi.gov.in/sebi_data/attachdocs/nov-2022/1667984093307.pdf,Kaynes Technology India Limited - RHP,RHP,100.0
Archean Chemical Industries Ltd.,https://www.sebi.gov.in/sebi_data/attachdocs/nov-2022/1667459494353.pdf,Archean Chemical Industries Limited - RHP,RHP,100.0
Five-Star Business Finance Ltd.,https://www.sebi.gov.in/sebi_data/attachdocs/may-2023/1684485917843.pdf,Five-star Business Finance Limited - RHP,RHP,100.0
Global Health Ltd.,https://www.sebi.gov.in/sebi_data/attachdocs/oct-2022/1666844688219.pdf,Global Health Limited IPO - Red Herring Prospectus,RHP,100.0
Bikaji Foods International Ltd.,https://www.sebi.gov.in/sebi_data/attachdocs/oct-2022/1666957499627.pdf,Bikaji Foods International  Limited - RHP,RHP,100.0
Fusion Micro Finance Ltd.,https://www.sebi.gov.in/sebi_data/attachdocs/may-2023/1684485535717.pdf,Fusion Micro Finance Limited - RHP,RHP,100.0
DCX Systems Ltd.,https://www.sebi.gov.in/sebi_data/attachdocs/oct-2022/1667205635136.pdf,DCX Systems Limited - RHP,RHP,100.0
Harsha Engineers International Ltd.,https://www.sebi.gov.in/sebi_data/attachdocs/sep-2022/1662701210521.pdf,Harsha Engineers International Limited - RHP,RHP,100.0
Dreamfolks Services Ltd.,https://www.sebi.gov.in/sebi_data/attachdocs/jan-2022/1643024252581.PDF,Dreamfolks Services Limited,RHP,100.0
Paradeep Phosphates Ltd.,https://www.sebi.gov.in/sebi_data/attachdocs/may-2022/1652258502546.PDF,Paradeep Phosphates Limited - Red Herring Prospectus,RHP,100.0
Prudent Corporate Advisory Services Ltd.,https://www.sebi.gov.in/sebi_data/attachdocs/may-2023/1683093538507.pdf,Prudent Corporate Advisory Services Limited - Red Herring Prospectus,RHP,100.0
Rainbow Children's Medicare Ltd.,https://www.sebi.gov.in/sebi_data/attachdocs/apr-2022/1650514777342.pdf,Rainbow Childrens Medicare Limited,RHP,98.1132075471698
Campus Activewear Ltd.,https://www.sebi.gov.in/sebi_data/attachdocs/apr-2022/1650446913539.PDF,Campus Activewear Limited,RHP,100.0
Vedant Fashions Ltd.,https://www.sebi.gov.in/sebi_data/attachdocs/apr-2023/1682060315396.pdf,Vedant Fashions Limited,RHP,100.0
Adani Wilmar Ltd.,https://www.sebi.gov.in/sebi_data/attachdocs/aug-2021/1627982722189.PDF,Adani Wilmar Limited,RHP,100.0
Innova Captab Ltd.,https://www.sebi.gov.in/sebi_data/attachdocs/dec-2023/1702958247869.pdf,Innova Captab Limited - RHP,RHP,100.0
Inox India Ltd.,https://www.sebi.gov.in/sebi_data/attachdocs/dec-2023/1702445245405.PDF,Inox India Limited - RHP,RHP,100.0
Gandhar Oil Refinery (India) Ltd.,https://www.sebi.gov.in/sebi_data/attachdocs/nov-2023/1700135458197.pdf,Gandhar Oil Refinery (India) Limited - RHP,RHP,100.0
Fedbank Financial Services Ltd.,https://www.sebi.gov.in/sebi_data/attachdocs/nov-2023/1700470135138.PDF,Fedbank Financial Services Limited - RHP,RHP,100.0
Indian Renewable Energy Development Agency Ltd.,https://www.sebi.gov.in/sebi_data/attachdocs/nov-2023/1699876097528.pdf,Indian Renewable Energy Development Agency Limited - RHP,RHP,100.0
ESAF Small Finance Bank Ltd.,https://www.sebi.gov.in/sebi_data/attachdocs/oct-2023/1698753706715.pdf,ESAF Small Finance Bank Limited - RHP,RHP,100.0
Plaza Wires Ltd.,https://www.sebi.gov.in/sebi_data/attachdocs/oct-2023/1696332302444.PDF,Plaza Wires Limited - RHP,RHP,100.0
Sai Silks (Kalamandir) Ltd.,https://www.sebi.gov.in/sebi_data/attachdocs/1289882457215.pdf,Sai Silks (Kalamandir) Limited,RHP,100.0
Signatureglobal (India) Ltd.,https://www.sebi.gov.in/sebi_data/attachdocs/sep-2023/1694596114578.pdf,Signatureglobal (India) Limited  - RHP,RHP,100.0
SAMHI Hotels Ltd.,https://www.sebi.gov.in/sebi_data/attachdocs/sep-2023/1694433129750.pdf,Samhi Hotels Limited - RHP,RHP,100.0
TVS Supply Chain Solutions Ltd.,https://www.sebi.gov.in/sebi_data/attachdocs/aug-2023/1691137912214.PDF,TVS Supply Chain Solutions Limited - RHP,RHP,100.0
Concord Biotech Ltd.,https://www.sebi.gov.in/sebi_data/attachdocs/jul-2023/1690775995930.pdf,Concord Biotech Limited - RHP,RHP,100.0
SBFC Finance Ltd.,https://www.sebi.gov.in/sebi_data/attachdocs/jul-2023/1690783310912.pdf,SBFC Finance Limited - RHP,RHP,100.0
Cyient DLM Ltd.,https://www.sebi.gov.in/sebi_data/attachdocs/jun-2023/1687325097609.PDF,Cyient DLM Limited - RHP,RHP,100.0
ideaForge Technology Ltd.,https://www.sebi.gov.in/sebi_data/attachdocs/jun-2023/1687324951765.pdf,Ideaforge Technology Limited - RHP,RHP,100.0
HMA Agro Industries Ltd.,https://www.sebi.gov.in/sebi_data/attachdocs/jun-2023/1686658997685.pdf,HMA Agro Industries Limited - RHP,RHP,100.0
IKIO Lighting Ltd.,https://www.sebi.gov.in/sebi_data/attachdocs/may-2023/1685448884386.pdf,IKIO Lighting Limited - RHP,RHP,100.0
Avalon Technologies Ltd.,https://www.sebi.gov.in/sebi_data/attachdocs/mar-2023/1680235672451.pdf,Avalon Technologies Limited -  RHP,RHP,100.0
Sanathan Textiles Ltd.,https://www.sebi.gov.in/sebi_data/attachdocs/dec-2024/1734330549299.PDF,Sanathan Textiles Limited - RHP,RHP,100.0
Vishal Mega Mart Ltd.,https://www.sebi.gov.in/sebi_data/attachdocs/dec-2024/1733387815715.pdf,Vishal Mega Mart - Red Herring Prospectus,RHP,100.0
Suraksha Diagnostic Ltd.,https://www.sebi.gov.in/sebi_data/attachdocs/nov-2024/1732605381552.pdf,Suraksha Diagnostic Limited- RHP,RHP,100.0
NTPC Green Energy Ltd.,https://www.sebi.gov.in/sebi_data/attachdocs/nov-2024/1731472004028.PDF,NTPC Green Energy Limited - RHP,RHP,100.0
Niva Bupa Health Insurance Co.Ltd.,https://www.sebi.gov.in/sebi_data/attachdocs/nov-2024/1730699769714.pdf,Niva Bupa Health Insurance Company Limited - RHP,RHP,88.13559322033899
Swiggy Ltd.,https://www.sebi.gov.in/sebi_data/attachdocs/oct-2024/1730179002038.pdf,Swiggy Limited - RHP,RHP,100.0
Afcons Infrastructure Ltd.,https://www.sebi.gov.in/sebi_data/attachdocs/oct-2024/1729760139180.pdf,Afcons Infrastructure Limited - RHP,RHP,100.0
Hyundai Motor India Ltd.,https://www.sebi.gov.in/sebi_data/attachdocs/oct-2024/1728898802128.PDF,Hyundai Motor India Limited - RHP,RHP,100.0
KRN Heat Exchanger & Refrigeration Ltd.,https://www.sebi.gov.in/sebi_data/attachdocs/sep-2024/1726469612929.PDF,KRN Heat Exchanger and Refrigeration Limited - RHP,RHP,100.0
Western Carriers (India) Ltd.,https://www.sebi.gov.in/sebi_data/attachdocs/sep-2024/1726202843862.pdf,Western Carriers (India) Limited - RHP,RHP,100.0
Arkade Developers Ltd.,https://www.sebi.gov.in/sebi_data/attachdocs/sep-2023/1693890814950.pdf,Arkade Developers Limited - DRHP,DRHP,100.0
Northern Arc Capital Ltd.,https://www.sebi.gov.in/sebi_data/attachdocs/feb-2024/1707198294323.pdf,Northern Arc Capital Limited - DRHP,DRHP,100.0
Bajaj Housing Finance Ltd.,https://www.sebi.gov.in/sebi_data/attachdocs/sep-2024/1725261096059.pdf,Bajaj Housing Finance Limited - RHP,RHP,100.0
Kross Ltd.,https://www.sebi.gov.in/sebi_data/attachdocs/sep-2024/1725354382239.pdf,Kross Limited- RHP,RHP,100.0
Tolins Tyres Ltd.,https://www.sebi.gov.in/sebi_data/attachdocs/sep-2024/1725347968259.PDF,Tolins Tyres Limited - RHP,RHP,100.0
ECOS (India) Mobility & Hospitality Ltd.,https://www.sebi.gov.in/sebi_data/attachdocs/aug-2024/1724299816176.pdf,Ecos India Mobility and Hospitality Limited - RHP,RHP,100.0
Premier Energies Ltd.,https://www.sebi.gov.in/sebi_data/attachdocs/aug-2024/1724645965864.pdf,Premier Energies Limited - RHP,RHP,100.0
Le Travenues Technology Ltd.,https://www.sebi.gov.in/sebi_data/attachdocs/feb-2024/1707994184221.pdf,Le Travenues technology Limited - DRHP,DRHP,100.0
Kronox Lab Sciences Ltd.,https://www.sebi.gov.in/sebi_data/attachdocs/may-2024/1716959953149.pdf,Kronox Lab Sciences Limited - RHP,RHP,100.0
Awfis Space Solutions Ltd.,https://www.sebi.gov.in/sebi_data/attachdocs/may-2024/1715832874672.pdf,Awfis Space Solutions Limited - RHP,RHP,100.0
Aadhar Housing Finance Ltd.,https://www.sebi.gov.in/sebi_data/attachdocs/may-2024/1714644459754.pdf,Aadhar Housing Finance Limited - RHP,RHP,100.0
Indegene Ltd.,https://www.sebi.gov.in/sebi_data/attachdocs/may-2024/1714645058946.PDF,Indegene Limited - RHP,RHP,100.0
JNK India Ltd.,https://www.sebi.gov.in/sebi_data/attachdocs/may-2024/1714978298669.pdf,JNK India Limited - RHP,RHP,100.0
Krystal Integrated Services Ltd.,https://www.sebi.gov.in/sebi_data/attachdocs/mar-2024/1709639588672.pdf,Krystal Integrated Services Limited - RHP,RHP,100.0
Popular Vehicles & Services Ltd.,https://www.sebi.gov.in/sebi_data/attachdocs/mar-2024/1709639538642.pdf,Popular Vehicles and Services Ltd - RHP,RHP,100.0
J.G.Chemicals Ltd.,https://www.sebi.gov.in/sebi_data/attachdocs/feb-2024/1709189258206.pdf,J.G.Chemicals Limited - Red Herring Prospectus,RHP,100.0
Mukka Proteins Ltd.,https://www.sebi.gov.in/sebi_data/attachdocs/feb-2024/1709007228279.pdf,Mukka Proteins Limited - RHP,RHP,100.0
Exicom Tele-Systems Ltd.,https://www.sebi.gov.in/sebi_data/attachdocs/feb-2024/1708514387666.pdf,Exicom Tele-Systems Limited - RHP,RHP,100.0
GPT Healthcare Ltd.,https://www.sebi.gov.in/sebi_data/attachdocs/feb-2024/1708491540579.pdf,GPT Healthcare Limited - RHP,RHP,100.0
Entero Healthcare Solutions Ltd.,https://www.sebi.gov.in/sebi_data/attachdocs/feb-2024/1707289598503.PDF,Entero Healthcare Solutions Limited - RHP,RHP,100.0
Capital Small Finance Bank Ltd.,https://www.sebi.gov.in/sebi_data/attachdocs/feb-2024/1706848499920.pdf,Capital Small Finance Bank Limited - RHP,RHP,100.0
EPACK Durable Ltd.,https://www.sebi.gov.in/sebi_data/attachdocs/jan-2024/1705485099785.pdf,EPACK Durable Limited - RHP,RHP,100.0
Medi Assist Healthcare Services Ltd.,https://www.sebi.gov.in/sebi_data/attachdocs/jan-2024/1704862351774.PDF,Medi Assist Healthcare Services Limited - RHP,RHP,100.0
KSH International Ltd.,https://www.sebi.gov.in/sebi_data/attachdocs/dec-2025/1765787613227.PDF,KSH INTERNATIONAL LIMITED,RHP,100.0
Vidya Wires Ltd.,https://www.sebi.gov.in/sebi_data/attachdocs/dec-2025/1764671022304.pdf,Vidya Wires Limited - RHP,RHP,100.0
Aequs Ltd.,https://www.sebi.gov.in/sebi_data/attachdocs/nov-2025/1764221854608.pdf,Aequs Limited - RHP,RHP,100.0
Meesho Ltd.,https://www.sebi.gov.in/sebi_data/attachdocs/nov-2025/1764314864285.pdf,Meesho Limited -RHP,RHP,100.0
Capillary Technologies India Ltd.,https://www.sebi.gov.in/sebi_data/attachdocs/feb-2026/1771411971970.pdf,Capillary Technologies India Limited - RHP,RHP,100.0
Tenneco Clean Air India Ltd.,https://www.sebi.gov.in/sebi_data/attachdocs/jul-2025/1751887810927_851.pdf,TENNECO CLEAN AIR INDIA LIMITED,DRHP,100.0
Emmvee Photovoltaic Power Ltd.,https://www.sebi.gov.in/sebi_data/attachdocs/nov-2025/1762843611096.pdf,Emmvee Photovoltaic Power Limited -RHP,RHP,100.0
Pine Labs Ltd.,https://www.sebi.gov.in/sebi_data/attachdocs/nov-2025/1762145921051.pdf,Pine Labs Ltd - RHP,RHP,100.0
Lenskart Solutions Ltd.,https://www.sebi.gov.in/sebi_data/attachdocs/oct-2025/1761802414095.pdf,Lenskart Solutions Limited - RHP,RHP,100.0
Studds Accessories Ltd.,https://www.sebi.gov.in/sebi_data/attachdocs/mar-2025/1743161406536_743.pdf,Studds Accessories Limited,DRHP,100.0
Midwest Ltd.,https://www.sebi.gov.in/sebi_data/attachdocs/oct-2025/1760069393890.pdf,Midwest Limited RHP,RHP,100.0
LG Electronics India Ltd.,https://www.sebi.gov.in/sebi_data/attachdocs/oct-2025/1759464583235.pdf,LG Electronics India Limited - RHP,RHP,100.0
WeWork India Management Ltd.,https://www.sebi.gov.in/sebi_data/attachdocs/sep-2025/1759139505624.pdf,WeWork India Management Limited - RHP,RHP,100.0
Om Freight Forwarders Ltd.,https://www.sebi.gov.in/sebi_data/attachdocs/sep-2025/1759212079667.pdf,Om Freight Forwarders Limited - RHP,RHP,100.0
Trualt Bioenergy Ltd.,https://www.sebi.gov.in/sebi_data/attachdocs/sep-2025/1759213197626.pdf,TruAlt Bioenergy Limited - RHP,RHP,100.0
Epack Prefab Technologies Ltd.,https://www.sebi.gov.in/sebi_data/attachdocs/nov-2023/1700031801352.pdf,Tata Technologies Limited - RHP,RHP,100.0
BMW Ventures Ltd.,https://www.sebi.gov.in/sebi_data/attachdocs/sep-2025/1758515913719.pdf,BMW Ventures Limited - RHP,RHP,100.0
Jain Resource Recycling Ltd.,https://www.sebi.gov.in/sebi_data/attachdocs/sep-2025/1758262501785.pdf,Jain Resource Recycling Limited - RHP,RHP,100.0
Anand Rathi Share & Stock Brokers Ltd.,https://www.sebi.gov.in/sebi_data/attachdocs/1292385686437.pdf,Emkay Share and Stock Brokers Limited,RHP,83.33333333333333
Seshaasai Technologies Ltd.,https://www.sebi.gov.in/sebi_data/attachdocs/sep-2025/1758538882282.PDF,Seshaasai Technologies Limited RHP,RHP,100.0
Jaro Institute of Technology Management & Research Ltd.,https://www.sebi.gov.in/sebi_data/attachdocs/dec-2025/1764670898794.pdf,Jaro Institute of Technology Management and Research Limited - RHP,RHP,100.0
Solarworld Energy Solutions Ltd.,https://www.sebi.gov.in/sebi_data/attachdocs/oct-2025/1759827896999.pdf,Solarworld Energy Solutions Limited - RHP,RHP,100.0
Atlanta Electricals Ltd.,https://www.sebi.gov.in/sebi_data/attachdocs/1294375817212.pdf,Atlanta Limited,RHP,100.0
Ganesh Consumer Products Ltd.,https://www.sebi.gov.in/sebi_data/attachdocs/sep-2025/1758515492334.pdf,Ganesh Consumer Products Limited - RHP,RHP,100.0
Urban Co.Ltd.,,,,0.0
Amanta Healthcare Ltd.,https://www.sebi.gov.in/sebi_data/attachdocs/feb-2024/1708491540579.pdf,GPT Healthcare Limited - RHP,RHP,100.0
Vikram Solar Ltd.,https://www.sebi.gov.in/sebi_data/attachdocs/aug-2025/1755059573481.pdf,Vikram Solar Limited - RHP,RHP,100.0
Patel Retail Ltd.,https://www.sebi.gov.in/sebi_data/attachdocs/aug-2025/1756114035182.PDF,Patel Retail Limited - RHP,RHP,100.0
Laxmi India Finance Ltd.,https://www.sebi.gov.in/sebi_data/attachdocs/jul-2025/1753185412594.pdf,Laxmi India Finance Limited - RHP,RHP,100.0
Aditya Infotech Ltd.,https://www.sebi.gov.in/sebi_data/attachdocs/jul-2025/1753782855015.pdf,Aditya Infotech Limited - RHP,RHP,100.0
Shanti Gold International Ltd.,https://www.sebi.gov.in/sebi_data/attachdocs/jul-2025/1753333964063.pdf,Shanti Gold International Limited - RHP,RHP,100.0
Indiqube Spaces Ltd.,https://www.sebi.gov.in/sebi_data/attachdocs/jul-2025/1753677505359.pdf,Indiqube Spaces Limited- RHP,RHP,100.0
Anthem Biosciences Ltd.,https://www.sebi.gov.in/sebi_data/attachdocs/jul-2025/1752053961291.pdf,Anthem Biosciences Limited - RHP,RHP,100.0
Smartworks Coworking Spaces Ltd.,https://www.sebi.gov.in/sebi_data/attachdocs/jul-2025/1751870279793.pdf,Smartworks Coworking Spaces Limited - RHP,RHP,100.0
Travel Food Services Ltd.,https://www.sebi.gov.in/sebi_data/attachdocs/jul-2025/1752041120177.pdf,Travel Food Services Limited - RHP,RHP,100.0
Crizac Ltd.,https://www.sebi.gov.in/sebi_data/attachdocs/jul-2025/1752043851362.pdf,Crizac Limited - RHP,RHP,100.0
HDB Financial Services Ltd.,https://www.sebi.gov.in/sebi_data/attachdocs/jun-2025/1750416234954.PDF,HDB Financial Services Limited - RHP,RHP,100.0
Kalpataru Ltd.,https://www.sebi.gov.in/sebi_data/attachdocs/jun-2025/1750397109250.pdf,Kalpataru Limited - RHP,RHP,100.0
Oswal Pumps Ltd.,https://www.sebi.gov.in/sebi_data/attachdocs/jun-2025/1749548769705.pdf,Oswal Pumps Limited - RHP,RHP,100.0
Borana Weaves Ltd.,https://www.sebi.gov.in/sebi_data/attachdocs/may-2025/1747740063123.pdf,Borana Weaves Limited - RHP,RHP,100.0
Laxmi Dental Ltd.,https://www.sebi.gov.in/sebi_data/attachdocs/jan-2025/1736311955438.pdf,Laxmi Dental Limited - RHP,RHP,100.0
Standard Glass Lining Technology Ltd.,https://www.sebi.gov.in/sebi_data/attachdocs/dec-2024/1735643697185.pdf,Standard Glass Lining Technology Limited - RHP,RHP,100.0
Turtlemint Fintech Solutions Ltd.,https://www.sebi.gov.in/sebi_data/commondocs/jun-2026/Turtlemint%20Fintech%20Solutions%20Limited%20-%20Abri_p.pdf,Turtlemint Fintech Solutions Limited- RHPTurtlemint Fintech Solutions Limited- Abridged Prospectus,RHP,100.0
Sai Parenteral's Ltd.,https://www.sebi.gov.in/sebi_data/attachdocs/mar-2026/1773730122993.pdf,Sai Parenteral’s Limited - RHP,RHP,100.0
Central Mine Planning & Design Institute Ltd.,https://www.sebi.gov.in/sebi_data/attachdocs/mar-2026/1773394311147.pdf,Central Mine Planning & Design Institute Limited - RHP,RHP,100.0
GSP Crop Science Ltd.,https://www.sebi.gov.in/sebi_data/attachdocs/mar-2026/1773209595346.pdf,GSP Crop Science Limited - RHP,RHP,100.0
Innovision Ltd.,https://www.sebi.gov.in/sebi_data/attachdocs/mar-2026/1772604652364.pdf,Innovision Limited-RHP,RHP,100.0
Aye Finance Ltd.,https://www.sebi.gov.in/sebi_data/attachdocs/feb-2026/1770184226289.pdf,Aye Finance Limited - RHP,RHP,100.0
Fractal Analytics Ltd.,https://www.sebi.gov.in/sebi_data/attachdocs/feb-2026/1770610090624.pdf,Fractal  Analytics LTD - RHP,RHP,100.0
Shadowfax Technologies Ltd.,https://www.sebi.gov.in/sebi_data/attachdocs/jan-2026/1768800907928.pdf,Shadowfax Technologies Limited - RHP,RHP,100.0
Bharat Coking Coal Ltd.,https://www.sebi.gov.in/sebi_data/attachdocs/jun-2025/1749108606557_811.pdf,Bharat Coking Coal Limited,RHP,100.0
