year,IPO,Symbol,Listing Date,IPO Size,Sub,GMP,IPO Price,Estimated Price,Listing Price,Listing Day Cls Price,Closing Price (LTP)
2019,IRCTC,"IRCTC, 542830",14-Oct-19,ג‚¹637.97 Cr,111.91x,ג‚¹0,ג‚¹320.00,,ג‚¹626.00 (95.62%),ג‚¹728.60 (127.69%),ג‚¹503.25 (686.33%)
2019,CSB Bank,"CSBBANK, 542867",4-Dec-19,ג‚¹409.68 Cr,47.8x,ג‚¹0,ג‚¹195.00,,ג‚¹275.00 (41.03%),ג‚¹300.10 (53.90%),ג‚¹360.4 (84.82%)
2019,Ujjivan Bank,"UJJIVANSFB, 542904",12-Dec-19,ג‚¹745.95 Cr,101.31x,ג‚¹0,ג‚¹37.00,,ג‚¹58.75 (58.78%),ג‚¹55.95 (51.22%),ג‚¹65.27 (76.41%)
2019,Prince Pipes,"PRINCEPIPE, 542907",30-Dec-19,ג‚¹500.00 Cr,1.56x,ג‚¹0,ג‚¹178.00,,ג‚¹162.30 (-8.82%),ג‚¹166.90 (-6.24%),ג‚¹267.65 (50.37%)
2020,SBI Cards,"SBICARD, 543066",16-Mar-20,ג‚¹10340.79 Cr,26.54x,ג‚¹0,ג‚¹755.00,,ג‚¹661.00 (-12.45%),ג‚¹683.20 (-9.51%),ג‚¹611.65 (-18.99%)
2020,Rossari Biotech,"ROSSARI, 543213",23-Jul-20,ג‚¹496.25 Cr,79.37x,ג‚¹0,ג‚¹425.00,,ג‚¹669.25 (57.47%),ג‚¹742.35 (74.67%),ג‚¹524.2 (23.34%)
2020,Yes Bank,"YESBANK, 532648",27-Jul-20,ג‚¹15000.00 Cr,0.93x,ג‚¹0,ג‚¹12.00,,ג‚¹12.30 (2.50%),ג‚¹12.30 (2.50%),ג‚¹23.94 (99.5%)
2020,Happiest Minds,"HAPPSTMNDS, 543227",17-Sep-20,ג‚¹702.02 Cr,150.98x,ג‚¹0,ג‚¹166.00,,ג‚¹350.00 (110.84%),ג‚¹371.00 (123.49%),ג‚¹386.3 (132.71%)
2020,Mindspace REIT,"MINDSPACE, 543217",7-Aug-20,ג‚¹4500.00 Cr,12.96x,ג‚¹0,ג‚¹275.00,,ג‚¹302 (9.82%),ג‚¹303.87 (10.50%),ג‚¹488.47 (77.63%)
2020,Mrs. Bectors Food,"BECTORFOOD, 543253",24-Dec-20,ג‚¹540.54 Cr,198.02x,ג‚¹215,ג‚¹288.00,ג‚¹503,ג‚¹505.00 (75.35%),ג‚¹595.55 (106.79%),ג‚¹169.37 (192.02%)
2020,Burger King,"RBA, 543248",14-Dec-20,ג‚¹810.00 Cr,156.65x,ג‚¹43,ג‚¹60.00,ג‚¹103,ג‚¹115.35 (92.25%),ג‚¹138.40 (130.67%),ג‚¹73.52 (22.53%)
2020,Gland Pharma,"GLAND, 543245",20-Nov-20,ג‚¹6479.55 Cr,2.06x,ג‚¹118,ג‚¹1500.00,ג‚¹1618,ג‚¹1710.00 (14.00%),ג‚¹1820.45 (21.36%),ג‚¹2479.4 (65.29%)
2020,Equitas SFB,"EQUITASBNK, 543243",2-Nov-20,ג‚¹517.60 Cr,1.95x,ג‚¹1,ג‚¹33.00,ג‚¹34,ג‚¹31.00 (-6.06%),ג‚¹32.80 (-0.61%),ג‚¹82.24 (149.21%)
2020,Likhitha Infrastructure,"LIKHITHA, 543240",15-Oct-20,ג‚¹61.20 Cr,9.51x,ג‚¹6,ג‚¹120.00,ג‚¹126,ג‚¹130.00 (8.33%),ג‚¹136.60 (13.83%),ג‚¹243 (305%)
2020,Mazagon Dock,"MAZDOCK, 543237",12-Oct-20,ג‚¹443.69 Cr,157.41x,ג‚¹105,ג‚¹145.00,ג‚¹250,ג‚¹214.90 (48.21%),ג‚¹173.00 (19.31%),ג‚¹2420.1 (3261.25%)
2020,UTI AMC,"UTIAMC, 543238",12-Oct-20,ג‚¹2159.88 Cr,2.31x,ג‚¹-14,ג‚¹554.00,ג‚¹540,ג‚¹500.00 (-9.75%),ג‚¹476.60 (-13.97%),ג‚¹1004.3 (81.28%)
2020,CAMS,"CAMS, 543232",1-Oct-20,ג‚¹2243.12 Cr,46.99x,ג‚¹328,ג‚¹1230.00,ג‚¹1558,ג‚¹1518.00 (23.41%),ג‚¹1401.60 (13.95%),ג‚¹790.5 (221.34%)
2020,Chemcon,"CHEMCON, 543233",1-Oct-20,ג‚¹318.00 Cr,149.3x,ג‚¹310,ג‚¹340.00,ג‚¹650,ג‚¹731.00 (115.00%),ג‚¹584.80 (72.00%),ג‚¹184 (-45.88%)
2020,Angel Broking,"ANGELONE, 543235",5-Oct-20,ג‚¹600.00 Cr,3.94x,ג‚¹-5,ג‚¹306.00,ג‚¹301,ג‚¹275.00 (-10.13%),ג‚¹275.85 (-9.85%),ג‚¹346.05 (1016.29%)
2020,Route Mobile,"ROUTE, 543228",21-Sep-20,ג‚¹600.00 Cr,73.3x,ג‚¹310,ג‚¹350.00,ג‚¹660,ג‚¹717.00 (104.86%),ג‚¹651.30 (86.09%),ג‚¹546.25 (56.07%)
2021,Fino Payments Bank,"FINOPB, 543386",12-Nov-21,ג‚¹1200.29 Cr,2.03x,ג‚¹0,ג‚¹577.00,,ג‚¹544.35 (-5.66%),ג‚¹545.25 (-5.50%),ג‚¹135.4 (-76.53%)
2021,Lodha Developers,"LODHA, 543287",19-Apr-21,ג‚¹2500.00 Cr,1.36x,ג‚¹0,ג‚¹486.00,,ג‚¹436 (-10.29%),ג‚¹465.25 (-4.27%),ג‚¹1220.75 (151.18%)
2021,Barbeque Nation,"BARBEQUE, 543283",7-Apr-21,ג‚¹452.87 Cr,5.98x,ג‚¹0,ג‚¹500.00,,ג‚¹489.85 (-2.03%),ג‚¹590.40 (18.08%),ג‚¹224.87 (-55.03%)
2021,Powergrid InvIT,"PGINVIT, 543290",14-May-21,ג‚¹7734.99 Cr,4.83x,ג‚¹0,ג‚¹100.00,,ג‚¹104.00 (4.00%),ג‚¹102.99 (2.99%),ג‚¹96.75 (-3.25%)
2021,Brookfield India,"BIRET, 543261",16-Feb-21,ג‚¹3800.00 Cr,7.94x,ג‚¹0,ג‚¹275.00,,ג‚¹281.70 (2.44%),ג‚¹269.96 (-1.83%),ג‚¹337.68 (22.79%)
2021,CMS Info Systems,"CMSINFO, 543441",31-Dec-21,ג‚¹1100.00 Cr,1.95x,ג‚¹-8,ג‚¹216.00,ג‚¹208,ג‚¹220.20 (1.94%),ג‚¹238.20 (10.28%),ג‚¹262.4 (21.48%)
2021,Supriya Lifescience,"SUPRIYA, 543434",28-Dec-21,ג‚¹700.00 Cr,71.51x,ג‚¹130,ג‚¹274.00,ג‚¹404,ג‚¹421.00 (53.65%),ג‚¹390.85 (42.65%),ג‚¹854.6 (211.9%)
2021,HP Adhesives,"HPAL, 543433",27-Dec-21,ג‚¹125.96 Cr,20.96x,ג‚¹80,ג‚¹274.00,ג‚¹354,ג‚¹315.00 (14.96%),ג‚¹334.95 (22.24%),ג‚¹34.75 (-36.82%)
2021,Data Patterns,"DATAPATTNS, 543428",24-Dec-21,ג‚¹588.22 Cr,119.62x,ג‚¹320,ג‚¹585.00,ג‚¹905,ג‚¹856.05 (46.33%),ג‚¹755.00 (29.06%),ג‚¹4343 (642.39%)
2021,Medplus Health,"MEDPLUS, 543427",23-Dec-21,ג‚¹1398.29 Cr,52.59x,ג‚¹125,ג‚¹796.00,ג‚¹921,ג‚¹1040.00 (30.65%),ג‚¹1121.15 (40.85%),ג‚¹826.1 (3.78%)
2021,Metro Brands,"METROBRAND, 543426",22-Dec-21,ג‚¹1367.51 Cr,3.64x,ג‚¹-55,ג‚¹500.00,ג‚¹445,ג‚¹437.00 (-12.60%),ג‚¹493.55 (-1.29%),ג‚¹1059.6 (111.92%)
2021,MapmyIndia,"MAPMYINDIA, 543425",21-Dec-21,ג‚¹1039.61 Cr,154.71x,ג‚¹670,ג‚¹1033.00,ג‚¹1703,ג‚¹1565.00 (51.50%),ג‚¹1394.55 (35.00%),ג‚¹1083.35 (4.87%)
2021,Shriram Properties,"SHRIRAMPPS, 543419",20-Dec-21,ג‚¹600.04 Cr,4.6x,ג‚¹-10,ג‚¹118.00,ג‚¹108,ג‚¹90.00 (-23.73%),ג‚¹99.60 (-15.59%),ג‚¹89.96 (-23.76%)
2021,RateGain,"RATEGAIN, 543417",17-Dec-21,ג‚¹1335.74 Cr,17.41x,ג‚¹18,ג‚¹425.00,ג‚¹443,ג‚¹360.00 (-15.29%),ג‚¹340.50 (-19.88%),ג‚¹944.7 (122.28%)
2021,Anand Rathi,"ANANDRATHI, 543415",14-Dec-21,ג‚¹659.38 Cr,9.78x,ג‚¹45,ג‚¹550.00,ג‚¹595,ג‚¹600.00 (9.09%),ג‚¹583.55 (6.10%),ג‚¹2146.8 (290.33%)
2021,Tega Industries,"TEGA, 543413",13-Dec-21,ג‚¹619.23 Cr,219.04x,ג‚¹270,ג‚¹453.00,ג‚¹723,ג‚¹760.00 (67.77%),ג‚¹726.05 (60.28%),ג‚¹1669 (268.43%)
2021,Star Health,"STARHEALTH, 543412",10-Dec-21,ג‚¹6018.68 Cr,0.79x,ג‚¹-80,ג‚¹900.00,ג‚¹820,ג‚¹845.00 (-6.11%),ג‚¹906.85 (0.76%),ג‚¹603.25 (-32.97%)
2021,Go Fashion,"GOCOLORS, 543401",30-Nov-21,ג‚¹1013.61 Cr,135.46x,ג‚¹495,ג‚¹690.00,ג‚¹1185,ג‚¹1310.00 (89.86%),ג‚¹1253.70 (81.70%),ג‚¹340.05 (-50.72%)
2021,Tarsons Products,"TARSONS, 543399",26-Nov-21,ג‚¹1023.54 Cr,77.49x,ג‚¹180,ג‚¹662.00,ג‚¹842,ג‚¹682.00 (3.02%),ג‚¹840.00 (26.89%),ג‚¹303.3 (-54.18%)
2021,Latent View Analytics,"LATENTVIEW, 543398",23-Nov-21,ג‚¹600.00 Cr,326.49x,ג‚¹265,ג‚¹197.00,ג‚¹462,ג‚¹512.20 (160.00%),ג‚¹488.75 (148.10%),ג‚¹301.15 (52.87%)
2021,Sapphire Foods,"SAPPHIRE, 543397",18-Nov-21,ג‚¹2073.25 Cr,6.62x,ג‚¹130,ג‚¹1180.00,ג‚¹1310,ג‚¹1350.00 (14.41%),ג‚¹1216.05 (3.06%),ג‚¹182.65 (-22.61%)
2021,Paytm,"PAYTM, 543396",18-Nov-21,ג‚¹18300.00 Cr,1.89x,ג‚¹-30,ג‚¹2150.00,ג‚¹2120,ג‚¹1950.00 (-9.30%),ג‚¹1564.15 (-27.25%),ג‚¹1341.8 (-37.59%)
2021,SJS Enterprises,"SJS, 543387",15-Nov-21,ג‚¹800.00 Cr,1.59x,ג‚¹70,ג‚¹542.00,ג‚¹612,ג‚¹542.00 (0.00%),ג‚¹510.20 (-5.87%),ג‚¹2183.4 (302.84%)
2021,Sigachi Industries,"SIGACHI, 543389",15-Nov-21,ג‚¹125.43 Cr,101.91x,ג‚¹225,ג‚¹163.00,ג‚¹388,ג‚¹570.00 (249.69%),ג‚¹603.75 (270.40%),ג‚¹22.67 (41.69%)
2021,Policybazaar,"POLICYBZR, 543390",15-Nov-21,ג‚¹5709.71 Cr,16.58x,ג‚¹135,ג‚¹980.00,ג‚¹1115,ג‚¹1150.00 (17.35%),ג‚¹1202.90 (22.74%),ג‚¹1580.4 (61.27%)
2021,Nykaa,"NYKAA, 543384",10-Nov-21,ג‚¹5349.72 Cr,81.78x,ג‚¹775,ג‚¹1125.00,ג‚¹1900,ג‚¹2018.00 (79.38%),ג‚¹2206.70 (96.15%),ג‚¹330.1 (-70.66%)
2021,Aditya Birla AMC,"ABSLAMC, 543374",11-Oct-21,ג‚¹2768.26 Cr,5.25x,ג‚¹35,ג‚¹712.00,ג‚¹747,ג‚¹715.00 (0.42%),ג‚¹699.65 (-1.73%),ג‚¹1146.6 (61.04%)
2021,Paras Defence,"PARAS, 543367",1-Oct-21,ג‚¹170.78 Cr,304.26x,ג‚¹220,ג‚¹175.00,ג‚¹395,ג‚¹475.00 (171.43%),ג‚¹498.75 (185.00%),ג‚¹1253.1 (1323.98%)
2021,Sansera Engineering,"SANSERA, 543358",24-Sep-21,ג‚¹1282.52 Cr,11.47x,ג‚¹60,ג‚¹744.00,ג‚¹804,ג‚¹811.50 (9.07%),ג‚¹818.70 (10.04%),ג‚¹3304 (344.09%)
2021,Ami Organics,"ACUTAAS, 543349",14-Sep-21,ג‚¹569.64 Cr,64.54x,ג‚¹155,ג‚¹610.00,ג‚¹765,ג‚¹910.00 (49.18%),ג‚¹935.00 (53.28%),ג‚¹3400.8 (457.51%)
2021,Vijaya Diagnostic,"VIJAYA, 543350",14-Sep-21,ג‚¹1894.43 Cr,4.54x,ג‚¹-10,ג‚¹531.00,ג‚¹521,ג‚¹540.00 (1.69%),ג‚¹620.10 (16.78%),ג‚¹1389.1 (161.6%)
2021,Aptus Value Housing Finance,"APTUS, 543335",24-Aug-21,ג‚¹2780.05 Cr,17.2x,ג‚¹-12,ג‚¹353.00,ג‚¹341,ג‚¹333.00 (-5.67%),ג‚¹346.90 (-1.73%),ג‚¹283.8 (-19.6%)
2021,Chemplast Sanmar,"CHEMPLASTS, 543336",24-Aug-21,ג‚¹3850.00 Cr,2.17x,ג‚¹-15,ג‚¹541.00,ג‚¹526,ג‚¹550.00 (1.66%),ג‚¹535.60 (-1.00%),ג‚¹201.07 (-62.83%)
2021,Nuvoco Vistas Corporation,"NUVOCO, 543334",23-Aug-21,ג‚¹5000.00 Cr,1.71x,ג‚¹-12,ג‚¹570.00,ג‚¹558,ג‚¹485.00 (-14.91%),ג‚¹531.70 (-6.72%),ג‚¹320.2 (-43.82%)
2021,CarTrade Tech,"CARTRADE, 543333",20-Aug-21,ג‚¹2998.51 Cr,20.29x,ג‚¹140,ג‚¹1618.00,ג‚¹1758,ג‚¹1599.80 (-1.12%),ג‚¹1501.05 (-7.23%),ג‚¹2809.9 (73.67%)
2021,Devyani International,"DEVYANI, 543330",16-Aug-21,ג‚¹1838.00 Cr,116.7x,ג‚¹59,ג‚¹90.00,ג‚¹149,ג‚¹140.90 (56.56%),ג‚¹123.50 (37.22%),ג‚¹112.47 (24.97%)
2021,Krsnaa Diagnostics,"KRSNAA, 543328",16-Aug-21,ג‚¹1213.33 Cr,64.38x,ג‚¹222,ג‚¹954.00,ג‚¹1176,ג‚¹1005.55 (5.40%),ג‚¹990.75 (3.85%),ג‚¹556.65 (-41.65%)
2021,Windlas Biotech,"WINDLAS, 543329",16-Aug-21,ג‚¹401.54 Cr,22.44x,ג‚¹80,ג‚¹460.00,ג‚¹540,ג‚¹437.00 (-5.00%),ג‚¹407.15 (-11.49%),ג‚¹829.95 (80.42%)
2021,Exxaro Tiles,"EXXARO, 543327",16-Aug-21,ג‚¹160.78 Cr,22.65x,ג‚¹5,ג‚¹120.00,ג‚¹125,ג‚¹126.00 (5.00%),ג‚¹132.30 (10.25%),ג‚¹6.55 (-45.42%)
2021,Rolex Rings,"ROLEXRINGS, 543325",9-Aug-21,ג‚¹731.00 Cr,130.44x,ג‚¹455,ג‚¹900.00,ג‚¹1355,ג‚¹1250.00 (38.89%),ג‚¹1167.00 (29.67%),ג‚¹141.07 (56.74%)
2021,Glenmark Life Sciences,"ALIVUS, 543322",6-Aug-21,ג‚¹1513.60 Cr,44.17x,ג‚¹82,ג‚¹720.00,ג‚¹802,ג‚¹750.00 (4.17%),ג‚¹748.50 (3.96%),ג‚¹1160.1 (61.12%)
2021,Tatva Chintan Pharma,"TATVA, 543321",29-Jul-21,ג‚¹500.00 Cr,180.36x,ג‚¹1110,ג‚¹1083.00,ג‚¹2193,ג‚¹2111.85 (95.00%),ג‚¹2312.20 (113.50%),ג‚¹1326.5 (22.48%)
2021,Zomato,"ETERNAL, 543320",23-Jul-21,ג‚¹9375.00 Cr,38.25x,ג‚¹22,ג‚¹76.00,ג‚¹98,ג‚¹116.00 (52.63%),ג‚¹125.85 (65.59%),ג‚¹289.65 (281.12%)
2021,G R Infraprojects,"GRINFRA, 543317",19-Jul-21,ג‚¹962.37 Cr,102.58x,ג‚¹575,ג‚¹837.00,ג‚¹1412,ג‚¹1715.85 (105.00%),ג‚¹1747.10 (108.73%),ג‚¹909.1 (8.61%)
2021,Clean Science and Technology,"CLEAN, 543318",19-Jul-21,ג‚¹1546.62 Cr,93.41x,ג‚¹615,ג‚¹900.00,ג‚¹1515,ג‚¹1755.00 (95.00%),ג‚¹1585.25 (76.14%),ג‚¹770.05 (-14.44%)
2021,India Pesticides,"IPL, 543311",5-Jul-21,ג‚¹800.00 Cr,29.04x,ג‚¹35,ג‚¹296.00,ג‚¹331,ג‚¹350.00 (18.24%),ג‚¹343.15 (15.93%),ג‚¹157.4 (-46.82%)
2021,KIMS,"KIMS, 543308",28-Jun-21,ג‚¹2143.92 Cr,3.86x,ג‚¹75,ג‚¹825.00,ג‚¹900,ג‚¹1009.00 (22.30%),ג‚¹996.95 (20.84%),ג‚¹814.9 (393.88%)
2021,Dodla Dairy,"DODLA, 543306",28-Jun-21,ג‚¹520.18 Cr,45.62x,ג‚¹80,ג‚¹428.00,ג‚¹508,ג‚¹550.00 (28.50%),ג‚¹609.90 (42.50%),ג‚¹1118.1 (161.24%)
2021,Shyam Metalics and Energy,"SHYAMMETL, 543299",24-Jun-21,ג‚¹908.80 Cr,121.43x,ג‚¹130,ג‚¹306.00,ג‚¹436,ג‚¹380.00 (24.18%),ג‚¹376.15 (22.92%),ג‚¹975.1 (218.66%)
2021,Sona Comstar,"SONACOMS, 543300",24-Jun-21,ג‚¹5550.00 Cr,2.28x,ג‚¹3,ג‚¹291.00,ג‚¹294,ג‚¹301.00 (3.44%),ג‚¹362.85 (24.69%),ג‚¹668.55 (129.74%)
2021,Kalyan Jewellers,"KALYANKJIL, 543278",26-Mar-21,ג‚¹1174.82 Cr,2.61x,ג‚¹-5,ג‚¹87.00,ג‚¹82,ג‚¹73.95 (-15.00%),ג‚¹75.30 (-13.45%),ג‚¹476.15 (447.3%)
2021,Suryoday Small Finance Bank,"SURYODAY, 543279",26-Mar-21,ג‚¹581.98 Cr,2.37x,ג‚¹-10,ג‚¹305.00,ג‚¹295,ג‚¹292.00 (-4.26%),ג‚¹277.80 (-8.92%),ג‚¹184.31 (-39.57%)
2021,Nazara Technologies,"NAZARA, 543280",30-Mar-21,ג‚¹582.69 Cr,175.46x,ג‚¹740,ג‚¹1101.00,ג‚¹1841,ג‚¹1990.00 (80.74%),ג‚¹1592.00 (44.60%),ג‚¹304.3 (-44.67%)
2021,Laxmi Organic,"LXCHEM, 543277",25-Mar-21,ג‚¹600.00 Cr,106.81x,ג‚¹40,ג‚¹130.00,ג‚¹170,ג‚¹155.50 (19.62%),ג‚¹164.60 (26.62%),ג‚¹155.51 (19.62%)
2021,Craftsman Automation,"CRAFTSMAN, 543276",25-Mar-21,ג‚¹823.70 Cr,3.82x,ג‚¹30,ג‚¹1490.00,ג‚¹1520,ג‚¹1359.00 (-8.79%),ג‚¹1435.60 (-3.65%),ג‚¹9301 (524.23%)
2021,Anupam Rasayan,"ANURAS, 543275",24-Mar-21,ג‚¹760.00 Cr,44.06x,ג‚¹60,ג‚¹555.00,ג‚¹615,ג‚¹520.00 (-6.31%),ג‚¹526.80 (-5.08%),ג‚¹1268 (128.47%)
2021,EaseMyTrip,"EASEMYTRIP, 543272",19-Mar-21,ג‚¹510.00 Cr,159.33x,ג‚¹130,ג‚¹187.00,ג‚¹317,ג‚¹212.25 (13.50%),ג‚¹208.45 (11.47%),ג‚¹6.9 (-92.66%)
2021,MTAR Technologies,"MTARTECH, 543270",15-Mar-21,ג‚¹596.41 Cr,200.79x,ג‚¹580,ג‚¹575.00,ג‚¹1155,ג‚¹1050.00 (82.61%),ג‚¹1082.50 (88.26%),ג‚¹7101 (1134.96%)
2021,Heranba Industries Limited,"HERANBA, 543266",5-Mar-21,ג‚¹625.24 Cr,83.29x,ג‚¹270,ג‚¹627.00,ג‚¹897,ג‚¹900.00 (43.54%),ג‚¹812.25 (29.55%),ג‚¹182.87 (-70.83%)
2021,Nureca Limited,"NURECA, 543264",25-Feb-21,ג‚¹100.00 Cr,39.93x,ג‚¹70,ג‚¹400.00,ג‚¹470,ג‚¹615.00 (53.75%),ג‚¹666.65 (66.66%),ג‚¹233.18 (-41.7%)
2021,RailTel,"RAILTEL, 543265",26-Feb-21,ג‚¹819.24 Cr,42.39x,ג‚¹10,ג‚¹94.00,ג‚¹104,ג‚¹109.00 (15.96%),ג‚¹121.40 (29.15%),ג‚¹307.5 (227.13%)
2021,Stove Kraft,"STOVEKRAFT, 543260",5-Feb-21,ג‚¹412.62 Cr,18.03x,ג‚¹35,ג‚¹385.00,ג‚¹420,ג‚¹467.00 (21.30%),ג‚¹445.95 (15.83%),ג‚¹798.95 (107.52%)
2021,HFFC Limited,"HOMEFIRST, 543259",3-Feb-21,ג‚¹1153.72 Cr,26.66x,ג‚¹120,ג‚¹518.00,ג‚¹638,ג‚¹612.15 (18.18%),ג‚¹527.55 (1.84%),ג‚¹1222.7 (136.04%)
2021,Indigo Paints,"INDIGOPNTS, 543258",2-Feb-21,ג‚¹1169.12 Cr,117.02x,ג‚¹750,ג‚¹1490.00,ג‚¹2240,ג‚¹2607.00 (74.97%),ג‚¹3118.65 (109.31%),ג‚¹1052.4 (-29.37%)
2021,IRFC,"IRFC, 543257",29-Jan-21,ג‚¹4633.38 Cr,3.49x,ג‚¹0,ג‚¹26.00,ג‚¹26,ג‚¹25.00 (-3.85%),ג‚¹24.85 (-4.42%),ג‚¹89.9 (245.77%)
2021,Antony Waste Ltd,"AWHCL, 543254",1-Jan-21,ג‚¹299.99 Cr,15.04x,ג‚¹175,ג‚¹315.00,ג‚¹490,ג‚¹430.00 (36.51%),ג‚¹407.35 (29.32%),ג‚¹464.85 (47.57%)
2022,Elin Electronics,"ELIN, 543725",30-Dec-22,ג‚¹475.00 Cr,3.09x,ג‚¹4,ג‚¹247.00,ג‚¹251,ג‚¹244.00 (-1.21%),ג‚¹227.80 (-7.77%),ג‚¹100.31 (-59.39%)
2022,KFin Technologies,"KFINTECH, 543720",29-Dec-22,ג‚¹1500.00 Cr,2.59x,ג‚¹-3,ג‚¹366.00,ג‚¹363,ג‚¹367.00 (0.27%),ג‚¹364.00 (-0.55%),ג‚¹901.1 (146.2%)
2022,Landmark Cars,"LANDMARK, 543714",23-Dec-22,ג‚¹552.00 Cr,3.06x,ג‚¹-15,ג‚¹506.00,ג‚¹491,ג‚¹471.00 (-6.92%),ג‚¹460.05 (-9.08%),ג‚¹424 (-16.21%)
2022,Abans Holdings,"AFSL, 543712",23-Dec-22,ג‚¹345.60 Cr,1.1x,ג‚¹3,ג‚¹270.00,ג‚¹273,ג‚¹273.00 (1.11%),ג‚¹218.40 (-19.11%),ג‚¹201.15 (-25.5%)
2022,Sula Vineyards,"SULA, 543711",22-Dec-22,ג‚¹960.35 Cr,2.33x,ג‚¹-15,ג‚¹357.00,ג‚¹342,ג‚¹358 (0.28%),ג‚¹331.15 (-7.24%),ג‚¹149.96 (-57.99%)
2022,Uniparts India,"UNIPARTS, 543689",12-Dec-22,ג‚¹835.61 Cr,25.32x,ג‚¹41,ג‚¹577.00,ג‚¹618,ג‚¹575.00 (-0.35%),ג‚¹539.65 (-6.47%),ג‚¹704.95 (22.18%)
2022,Dharmaj Crop Guard,"DHARMAJ, 543687",8-Dec-22,ג‚¹251.09 Cr,35.49x,ג‚¹38,ג‚¹237.00,ג‚¹275,ג‚¹266.05 (12.26%),ג‚¹266.40 (12.41%),ג‚¹260 (9.7%)
2022,Keystone Realtors,"RUSTOMJEE, 543669",24-Nov-22,ג‚¹635.00 Cr,2.01x,ג‚¹-5,ג‚¹541.00,ג‚¹536,ג‚¹555.00 (2.59%),ג‚¹557.80 (3.11%),ג‚¹424.05 (-21.62%)
2022,Inox Green Energy,"INOXGREEN, 543667",23-Nov-22,ג‚¹740.00 Cr,1.55x,ג‚¹-1,ג‚¹65.00,ג‚¹64,ג‚¹60.00 (-7.69%),ג‚¹59.10 (-9.08%),ג‚¹191.66 (194.86%)
2022,Kaynes Technology India,"KAYNES, 543664",22-Nov-22,ג‚¹857.82 Cr,34.16x,ג‚¹185,ג‚¹587.00,ג‚¹772,ג‚¹778.00 (32.54%),ג‚¹690.10 (17.56%),ג‚¹3336.1 (468.33%)
2022,Archean Chemical,"ACI, 543657",21-Nov-22,ג‚¹1462.30 Cr,32.23x,ג‚¹127,ג‚¹407.00,ג‚¹534,ג‚¹450.00 (10.57%),ג‚¹458.15 (12.57%),ג‚¹527.45 (29.59%)
2022,Five Star Business Finance,"FIVESTAR, 543663",21-Nov-22,ג‚¹1593.45 Cr,0.7x,ג‚¹-2,ג‚¹474.00,ג‚¹472,ג‚¹464.90 (-1.92%),ג‚¹490.00 (3.38%),ג‚¹546.4 (15.27%)
2022,Global Health,"MEDANTA, 543654",16-Nov-22,ג‚¹2205.57 Cr,9.58x,ג‚¹30,ג‚¹336.00,ג‚¹366,ג‚¹401.00 (19.35%),ג‚¹415.65 (23.71%),ג‚¹1336.9 (297.89%)
2022,Bikaji Foods International,"BIKAJI, 543653",16-Nov-22,ג‚¹880.86 Cr,26.67x,ג‚¹21,ג‚¹300.00,ג‚¹321,ג‚¹322.80 (7.60%),ג‚¹317.45 (5.82%),ג‚¹643.3 (114.43%)
2022,Fusion Micro Finance,"FUSION, 543652",15-Nov-22,ג‚¹1103.99 Cr,2.95x,ג‚¹-4,ג‚¹368.00,ג‚¹364,ג‚¹359.50 (-2.31%),ג‚¹324.90 (-11.71%),ג‚¹234.04 (-36.4%)
2022,DCX Systems,"DCXINDIA, 543650",11-Nov-22,ג‚¹500.00 Cr,69.79x,ג‚¹75,ג‚¹207.00,ג‚¹282,ג‚¹287.00 (38.65%),ג‚¹308.80 (49.18%),ג‚¹200.17 (-3.3%)
2022,Tracxn Technologies,"TRACXN, 543638",20-Oct-22,ג‚¹309.38 Cr,2.01x,ג‚¹-1,ג‚¹80.00,ג‚¹79,ג‚¹84.50 (5.62%),ג‚¹93.35 (16.69%),ג‚¹30.04 (-62.45%)
2022,Electronics Mart India,"EMIL, 543626",17-Oct-22,ג‚¹500.00 Cr,71.93x,ג‚¹30,ג‚¹59.00,ג‚¹89,ג‚¹90.00 (52.54%),ג‚¹84.50 (43.22%),ג‚¹134.36 (127.73%)
2022,Harsha Engineers International,"HARSHA, 543600",26-Sep-22,ג‚¹755.00 Cr,74.7x,ג‚¹125,ג‚¹330.00,ג‚¹455,ג‚¹450.00 (36.36%),ג‚¹486.50 (47.42%),ג‚¹427.7 (29.61%)
2022,Tamilnad Mercantile Bank,"TMB, 543596",15-Sep-22,ג‚¹807.84 Cr,2.86x,ג‚¹14,ג‚¹510.00,ג‚¹539,ג‚¹510.00 (0.00%),ג‚¹509.65 (-0.07%),ג‚¹801.6 (57.18%)
2022,Dreamfolks Services,"DREAMFOLKS, 543591",6-Sep-22,ג‚¹562.10 Cr,56.68x,ג‚¹148,ג‚¹326.00,ג‚¹474,ג‚¹508.70 (56.04%),ג‚¹462.65 (41.92%),ג‚¹69.65 (-78.63%)
2022,Syrma SGS Technology,"SYRMA, 543573",26-Aug-22,ג‚¹840.13 Cr,32.61x,ג‚¹48,ג‚¹220.00,ג‚¹268,ג‚¹262.00 (19.09%),ג‚¹313.05 (42.30%),ג‚¹1451.9 (559.95%)
2022,Aether Industries,"AETHER, 543534",3-Jun-22,ג‚¹808.04 Cr,6.26x,ג‚¹55,ג‚¹642.00,ג‚¹697,ג‚¹704.00 (9.66%),ג‚¹776.75 (20.99%),ג‚¹1500.8 (133.77%)
2022,eMudhra,"EMUDHRA, 543533",1-Jun-22,ג‚¹412.79 Cr,2.72x,ג‚¹0,ג‚¹256.00,ג‚¹256,ג‚¹270.00 (5.47%),ג‚¹258.85 (1.11%),ג‚¹455.75 (78.03%)
2022,Ethos Limited,"ETHOSLTD, 543532",30-May-22,ג‚¹402.26 Cr,1.04x,ג‚¹-5,ג‚¹878.00,ג‚¹873,ג‚¹830.00 (-5.47%),ג‚¹803.10 (-8.53%),ג‚¹2477.5 (182.18%)
2022,Paradeep Phosphates,"PARADEEP, 543530",27-May-22,ג‚¹1501.73 Cr,1.75x,ג‚¹0,ג‚¹42.00,ג‚¹42,ג‚¹44.00 (4.76%),ג‚¹43.95 (4.64%),ג‚¹141.81 (237.64%)
2022,Delhivery,"DELHIVERY, 543529",24-May-22,ג‚¹5235.00 Cr,1.31x,ג‚¹-10,ג‚¹487.00,ג‚¹477,ג‚¹495.20 (1.68%),ג‚¹537.25 (10.32%),ג‚¹520.3 (6.84%)
2022,Venus Pipes and Tubes,"VENUSPIPES, 543528",24-May-22,ג‚¹165.42 Cr,10.77x,ג‚¹20,ג‚¹326.00,ג‚¹346,ג‚¹335.00 (2.76%),ג‚¹354.35 (8.70%),ג‚¹1807.9 (454.57%)
2022,Prudent Corporate Advisory Services,"PRUDENT, 543527",20-May-22,ג‚¹428.28 Cr,1.22x,ג‚¹18,ג‚¹630.00,ג‚¹648,ג‚¹650.00 (3.17%),ג‚¹562.70 (-10.68%),ג‚¹2983.2 (373.52%)
2022,LIC,"LICI, 543526",17-May-22,ג‚¹20557.23 Cr,2.95x,ג‚¹-26,ג‚¹949.00,ג‚¹923,ג‚¹872.00 (-8.11%),ג‚¹875.45 (-7.75%),ג‚¹443.05 (-53.31%)
2022,Rainbow Childrens Medicare,"RAINBOW, 543524",10-May-22,ג‚¹1580.85 Cr,12.43x,ג‚¹-10,ג‚¹542.00,ג‚¹532,ג‚¹510.00 (-5.90%),ג‚¹450.20 (-16.94%),ג‚¹1470.4 (171.29%)
2022,Campus Activewear,"CAMPUS, 543523",9-May-22,ג‚¹1399.77 Cr,51.75x,ג‚¹40,ג‚¹292.00,ג‚¹332,ג‚¹360.00 (23.29%),ג‚¹378.90 (29.76%),ג‚¹231.09 (-20.86%)
2022,Veranda Learning,"VERANDA, 543514",11-Apr-22,ג‚¹200.00 Cr,3.53x,ג‚¹15,ג‚¹137.00,ג‚¹152,ג‚¹157.00 (14.60%),ג‚¹160.40 (17.08%),ג‚¹237.95 (73.69%)
2022,Hariom Pipe,"HARIOMPIPE, 543517",13-Apr-22,ג‚¹130.05 Cr,7.93x,ג‚¹25,ג‚¹153.00,ג‚¹178,ג‚¹220.00 (43.79%),ג‚¹231.00 (50.98%),ג‚¹383.55 (150.69%)
2022,Ruchi Soya,"PATANJALI, 500368",8-Apr-22,ג‚¹4300.00 Cr,3.6x,ג‚¹140,ג‚¹650.00,ג‚¹790,ג‚¹855.00 (31.54%),ג‚¹924.85 (42.28%),ג‚¹413.8 (-36.34%)
2022,Uma Exports,"UMAEXPORTS, 543513",7-Apr-22,ג‚¹60.00 Cr,7.67x,ג‚¹0,ג‚¹68.00,ג‚¹68,ג‚¹76.00 (11.76%),ג‚¹84.00 (23.53%),ג‚¹21.57 (-68.28%)
2022,Vedant Fashions,"MANYAVAR, 543463",16-Feb-22,ג‚¹3149.19 Cr,2.57x,ג‚¹-12,ג‚¹866.00,ג‚¹854,ג‚¹935.00 (7.97%),ג‚¹934.85 (7.95%),ג‚¹392.15 (-54.72%)
2022,Adani Wilmar,"AWL, 543458",8-Feb-22,ג‚¹3600.00 Cr,17.37x,ג‚¹23,ג‚¹230.00,ג‚¹253,ג‚¹227.00 (-1.30%),ג‚¹268.25 (16.63%),ג‚¹190 (-17.39%)
2022,AGS Transact Technologies,"AGSTRA, 543451",31-Jan-22,ג‚¹680.00 Cr,7.79x,ג‚¹-6,ג‚¹175.00,ג‚¹169,ג‚¹175.00 (0.00%),ג‚¹161.30 (-7.83%),ג‚¹3.92 (-97.76%)
2023,Innova Captab,"INNOVACAP, 544067",29-Dec-23,ג‚¹570.00 Cr,34.56x,ג‚¹32,ג‚¹448.00,ג‚¹480,ג‚¹452.10 (0.92%),ג‚¹545.15 (21.69%),ג‚¹989.35 (120.84%)
2023,Azad Engineering,"AZAD, 544061",28-Dec-23,ג‚¹740.00 Cr,83.04x,ג‚¹195,ג‚¹524.00,ג‚¹719,ג‚¹720 (37.40%),ג‚¹677.50 (29.29%),ג‚¹2479.5 (373.19%)
2023,Mufti Jeans,"MUFTI, 544058",27-Dec-23,ג‚¹549.78 Cr,51.85x,ג‚¹80,ג‚¹280.00,ג‚¹360,ג‚¹282.35 (0.84%),ג‚¹312.50 (11.61%),ג‚¹85.62 (-69.42%)
2023,Happy Forgings,"HAPPYFORGE, 544057",27-Dec-23,ג‚¹1008.59 Cr,82.63x,ג‚¹235,ג‚¹850.00,ג‚¹1085,ג‚¹1000 (17.65%),ג‚¹1030.80 (21.27%),ג‚¹1582.3 (86.15%)
2023,RBZ Jewellers,"RBZJEWEL, 544060",27-Dec-23,ג‚¹100.00 Cr,16.86x,ג‚¹0,ג‚¹100.00,ג‚¹100,ג‚¹100 (0.00%),ג‚¹105.00 (5.00%),ג‚¹154.24 (54.24%)
2023,Muthoot Microfin,"MUTHOOTMF, 544055",26-Dec-23,ג‚¹960.00 Cr,12.3x,ג‚¹27,ג‚¹291.00,ג‚¹318,ג‚¹275.30 (-5.40%),ג‚¹266.20 (-8.52%),ג‚¹235.26 (-19.15%)
2023,Suraj Estate Developers,"SURAJEST, 544054",26-Dec-23,ג‚¹400.00 Cr,16.57x,ג‚¹15,ג‚¹360.00,ג‚¹375,ג‚¹340 (-5.56%),ג‚¹334.50 (-7.08%),ג‚¹204.61 (-43.16%)
2023,Motisons Jewellers,"MOTISONS, 544053",26-Dec-23,ג‚¹151.09 Cr,173.23x,ג‚¹70,ג‚¹55.00,ג‚¹125,ג‚¹109.00 (98.18%),ג‚¹103.55 (88.27%),ג‚¹14.2 (136.67%)
2023,Inox India,"INOXINDIA, 544046",21-Dec-23,ג‚¹1459.32 Cr,61.28x,ג‚¹440,ג‚¹660.00,ג‚¹1100,ג‚¹949.65 (43.89%),ג‚¹939.95 (42.42%),ג‚¹1978 (199.7%)
2023,DOMS,"DOMS, 544045",20-Dec-23,ג‚¹1200.00 Cr,99.34x,ג‚¹510,ג‚¹790.00,ג‚¹1300,ג‚¹1400 (77.22%),ג‚¹1330.85 (68.46%),ג‚¹2376.2 (200.78%)
2023,India Shelter Finance Corporation,"INDIASHLTR, 544044",20-Dec-23,ג‚¹1200.00 Cr,38.59x,ג‚¹157,ג‚¹493.00,ג‚¹650,ג‚¹620 (25.76%),ג‚¹544.70 (10.49%),ג‚¹800.05 (62.28%)
2023,Flair Writing,"FLAIR, 544030",1-Dec-23,ג‚¹593.00 Cr,49.28x,ג‚¹150,ג‚¹304.00,ג‚¹454,ג‚¹501 (64.80%),ג‚¹452.70 (48.91%),ג‚¹260.15 (-14.42%)
2023,Fedbank Financial Services,"FEDFINA, 544027",30-Nov-23,ג‚¹1092.70 Cr,2.24x,ג‚¹0,ג‚¹140.00,ג‚¹140,ג‚¹137.75 (-1.61%),ג‚¹140.25 (0.18%),ג‚¹159.34 (13.81%)
2023,Tata Technologies,"TATATECH, 544028",30-Nov-23,ג‚¹3042.51 Cr,69.43x,ג‚¹475,ג‚¹500.00,ג‚¹975,ג‚¹1199.95 (139.99%),ג‚¹1314.25 (162.85%),ג‚¹718.55 (43.71%)
2023,Gandhar Oil Refinery,"GANDHAR, 544029",30-Nov-23,ג‚¹500.69 Cr,65.63x,ג‚¹73,ג‚¹169.00,ג‚¹242,ג‚¹295.40 (74.79%),ג‚¹301.50 (78.40%),ג‚¹203.15 (20.21%)
2023,IREDA,"IREDA, 544026",29-Nov-23,ג‚¹2150.21 Cr,38.8x,ג‚¹12,ג‚¹32.00,ג‚¹44,ג‚¹50.00 (56.25%),ג‚¹60.00 (87.50%),ג‚¹126.4 (295%)
2023,ASK Automotive,"ASKAUTOLTD, 544022",15-Nov-23,ג‚¹833.91 Cr,51.14x,ג‚¹28,ג‚¹282.00,ג‚¹310,ג‚¹303.30 (7.55%),ג‚¹310.20 (10.00%),ג‚¹471.85 (67.32%)
2023,Protean eGov Technologies,"PROTEAN, 544021",13-Nov-23,ג‚¹489.95 Cr,23.86x,ג‚¹48,ג‚¹792.00,ג‚¹840,ג‚¹792 (0.00%),ג‚¹883.00 (11.49%),ג‚¹588.7 (-25.67%)
2023,ESAF Small Finance Bank,"ESAFSFB, 544020",10-Nov-23,ג‚¹463.00 Cr,77x,ג‚¹16,ג‚¹60.00,ג‚¹76,ג‚¹71.00 (18.33%),ג‚¹69.05 (15.08%),ג‚¹35.73 (-40.45%)
2023,Honasa Consumer Limited,"HONASA, 544014",7-Nov-23,ג‚¹1701.44 Cr,7.61x,ג‚¹24,ג‚¹324.00,ג‚¹348,ג‚¹330.00 (1.85%),ג‚¹337.15 (4.06%),ג‚¹472.1 (45.71%)
2023,Cello World Limited,"CELLO, 544012",6-Nov-23,ג‚¹1900.00 Cr,41.69x,ג‚¹160,ג‚¹648.00,ג‚¹808,ג‚¹829.00 (27.93%),ג‚¹791.90 (22.21%),ג‚¹368.65 (-43.11%)
2023,Blue Jet Healthcare,"BLUEJET, 544009",1-Nov-23,ג‚¹840.27 Cr,7.95x,ג‚¹22,ג‚¹346.00,ג‚¹368,ג‚¹380 (9.83%),ג‚¹413.40 (19.48%),ג‚¹624.05 (80.36%)
2023,IRM Energy,"IRMENERGY, 544004",26-Oct-23,ג‚¹545.00 Cr,27.05x,ג‚¹18,ג‚¹505.00,ג‚¹523,ג‚¹477.25 (-5.50%),ג‚¹473.15 (-6.31%),ג‚¹263.5 (-47.82%)
2023,Plaza Wires,"PLAZACABLE, 544003",12-Oct-23,ג‚¹71.28 Cr,160.97x,ג‚¹23,ג‚¹54.00,ג‚¹77,ג‚¹76 (40.74%),ג‚¹80.23 (48.57%),ג‚¹44.71 (-17.2%)
2023,Valiant Laboratories,"VALIANTLAB, 543998",6-Oct-23,ג‚¹152.46 Cr,29.76x,ג‚¹20,ג‚¹140.00,ג‚¹160,ג‚¹162.15 (15.82%),ג‚¹170.25 (21.61%),ג‚¹62.08 (-55.66%)
2023,Updater Services,"UDS, 543996",4-Oct-23,ג‚¹640.00 Cr,2.96x,ג‚¹0,ג‚¹300.00,ג‚¹300,ג‚¹285 (-5.00%),ג‚¹283.90 (-5.37%),ג‚¹199.21 (-33.6%)
2023,JSW Infrastructure,"JSWINFRA, 543994",3-Oct-23,ג‚¹2800.00 Cr,39.36x,ג‚¹30,ג‚¹119.00,ג‚¹149,ג‚¹143 (20.17%),ג‚¹157.30 (32.18%),ג‚¹330.05 (177.35%)
2023,Manoj Vaibhav Gems,"MVGJL, 543995",3-Oct-23,ג‚¹270.20 Cr,2.33x,ג‚¹0,ג‚¹215.00,ג‚¹215,ג‚¹215 (0.00%),ג‚¹215.65 (0.30%),ג‚¹156.15 (-27.37%)
2023,Yatra Online,"YATRA, 543992",28-Sep-23,ג‚¹775.00 Cr,1.66x,ג‚¹0,ג‚¹142.00,ג‚¹142,ג‚¹127.50 (-10.21%),ג‚¹135.95 (-4.26%),ג‚¹114.16 (-19.61%)
2023,Sai Silks Kalamandir,"KALAMANDIR, 543989",27-Sep-23,ג‚¹1201.00 Cr,4.47x,ג‚¹7,ג‚¹222.00,ג‚¹229,ג‚¹231.00 (4.05%),ג‚¹244.90 (10.32%),ג‚¹101.05 (-54.48%)
2023,Signatureglobal India,"SIGNATURE, 543990",27-Sep-23,ג‚¹730.00 Cr,12.5x,ג‚¹50,ג‚¹385.00,ג‚¹435,ג‚¹444.00 (15.32%),ג‚¹458.55 (19.10%),ג‚¹848.85 (120.48%)
2023,SAMHI Hotels,"SAMHI, 543984",22-Sep-23,ג‚¹1370.10 Cr,5.57x,ג‚¹8,ג‚¹126.00,ג‚¹134,ג‚¹134.50 (6.75%),ג‚¹143.55 (13.93%),ג‚¹173.08 (37.37%)
2023,Zaggle Prepaid Ocean Services,"ZAGGLE, 543985",22-Sep-23,ג‚¹563.38 Cr,12.86x,ג‚¹11,ג‚¹164.00,ג‚¹175,ג‚¹164 (0.00%),ג‚¹158.35 (-3.45%),ג‚¹207.79 (26.7%)
2023,EMS,"EMSLIMITED, 543983",21-Sep-23,ג‚¹321.25 Cr,76.21x,ג‚¹88,ג‚¹211.00,ג‚¹299,ג‚¹282.05 (33.67%),ג‚¹279.90 (32.65%),ג‚¹458.15 (117.13%)
2023,R R Kabel,"RRKABEL, 543981",20-Sep-23,ג‚¹1964.02 Cr,18.69x,ג‚¹104,ג‚¹1035.00,ג‚¹1139,ג‚¹1180 (14.01%),ג‚¹1198.05 (15.75%),ג‚¹2225.7 (115.04%)
2023,Jupiter Life Line Hospitals,"JLHL, 543980",18-Sep-23,ג‚¹869.08 Cr,64.8x,ג‚¹233,ג‚¹735.00,ג‚¹968,ג‚¹973.00 (32.38%),ג‚¹1075.75 (46.36%),ג‚¹1455.8 (98.07%)
2023,Ratnaveer Precision Engineering,"RATNAVEER, 543978",11-Sep-23,ג‚¹165.03 Cr,93.99x,ג‚¹52,ג‚¹98.00,ג‚¹150,ג‚¹123.20 (25.71%),ג‚¹134.40 (37.14%),ג‚¹180.01 (83.68%)
2023,Rishabh Instruments,"RISHABH, 543977",11-Sep-23,ג‚¹490.78 Cr,31.65x,ג‚¹61,ג‚¹441.00,ג‚¹502,ג‚¹460.05 (4.32%),ג‚¹443.15 (0.49%),ג‚¹662.1 (50.14%)
2023,Vishnu Prakash R Punglia,"VPRPL, 543974",5-Sep-23,ג‚¹308.61 Cr,87.82x,ג‚¹62,ג‚¹99.00,ג‚¹161,ג‚¹165 (66.67%),ג‚¹145.93 (47.40%),ג‚¹26.45 (-73.28%)
2023,Aeroflex Industries,"AEROFLEX, 543972",31-Aug-23,ג‚¹351.00 Cr,97.11x,ג‚¹71,ג‚¹108.00,ג‚¹179,ג‚¹190.00 (75.93%),ג‚¹163.25 (51.16%),ג‚¹413.55 (282.92%)
2023,Pyramid Technoplast,"PYRAMID, 543969",29-Aug-23,ג‚¹153.05 Cr,18.29x,ג‚¹22,ג‚¹166.00,ג‚¹188,ג‚¹187.00 (12.65%),ג‚¹177.65 (7.02%),ג‚¹165.47 (-0.32%)
2023,TVS Supply Chain Solutions,"TVSSCS, 543965",23-Aug-23,ג‚¹880.00 Cr,2.85x,ג‚¹3,ג‚¹197.00,ג‚¹200,ג‚¹207.05 (5.10%),ג‚¹201.00 (2.03%),ג‚¹141.66 (-28.09%)
2023,Concord Biotech,"CONCORDBIO, 543960",18-Aug-23,ג‚¹1550.52 Cr,24.87x,ג‚¹122,ג‚¹741.00,ג‚¹863,ג‚¹900.05 (21.46%),ג‚¹942.80 (27.23%),ג‚¹1304.7 (76.07%)
2023,SBFC Finance,"SBFC, 543959",16-Aug-23,ג‚¹1025.00 Cr,74.06x,ג‚¹26,ג‚¹57.00,ג‚¹83,ג‚¹82 (43.86%),ג‚¹92.21 (61.77%),ג‚¹91.96 (61.33%)
2023,Yatharth Hospital,"YATHARTH, 543950",7-Aug-23,ג‚¹686.55 Cr,37.28x,ג‚¹75,ג‚¹300.00,ג‚¹375,ג‚¹306.10 (2.03%),ג‚¹333.85 (11.28%),ג‚¹829.75 (176.58%)
2023,Netweb Technologies India,"NETWEB, 543945",27-Jul-23,ג‚¹631.00 Cr,90.55x,ג‚¹394,ג‚¹500.00,ג‚¹894,ג‚¹947.00 (89.40%),ג‚¹910.50 (82.10%),ג‚¹4305 (761%)
2023,Utkarsh Small Finance Bank,"UTKARSHBNK, 543942",21-Jul-23,ג‚¹500.00 Cr,110.77x,ג‚¹16,ג‚¹25.00,ג‚¹41,ג‚¹40.00 (60.00%),ג‚¹48.00 (92.00%),ג‚¹14.64 (-41.44%)
2023,Senco Gold,"SENCO, 543936",14-Jul-23,ג‚¹405.00 Cr,77.25x,ג‚¹103,ג‚¹317.00,ג‚¹420,ג‚¹430.00 (35.65%),ג‚¹405.30 (27.85%),ג‚¹362.15 (129.21%)
2023,Cyient DLM,"CYIENTDLM, 543933",10-Jul-23,ג‚¹592.00 Cr,71.35x,ג‚¹135,ג‚¹265.00,ג‚¹400,ג‚¹403 (52.08%),ג‚¹420.75 (58.77%),ג‚¹545.65 (105.91%)
2023,ideaForge Technology,"IDEAFORGE, 543932",7-Jul-23,ג‚¹567.24 Cr,106.06x,ג‚¹525,ג‚¹672.00,ג‚¹1197,ג‚¹1300.00 (93.45%),ג‚¹1295.50 (92.78%),ג‚¹900.75 (34.04%)
2023,HMA Agro Industries,"HMAAGRO, 543929",4-Jul-23,ג‚¹480.00 Cr,1.62x,ג‚¹40,ג‚¹585.00,ג‚¹625,ג‚¹625 (6.84%),ג‚¹585.65 (0.11%),ג‚¹21.92 (-62.21%)
2023,IKIO Lighting,"IKIO, 543923",16-Jun-23,ג‚¹606.50 Cr,67.75x,ג‚¹90,ג‚¹285.00,ג‚¹375,ג‚¹392.50 (37.72%),ג‚¹403.85 (41.70%),ג‚¹210.75 (-26.05%)
2023,Nexus Select Trust,"NXST, 543913",19-May-23,ג‚¹3200.00 Cr,5.45x,ג‚¹3,ג‚¹100.00,ג‚¹103,ג‚¹103.00 (3.00%),ג‚¹104.29 (4.29%),ג‚¹164.52 (64.52%)
2023,Mankind Pharma,"MANKIND, 543904",9-May-23,ג‚¹4326.36 Cr,15.32x,ג‚¹121,ג‚¹1080.00,ג‚¹1201,ג‚¹1300.00 (20.37%),ג‚¹1424.05 (31.86%),ג‚¹2525.1 (133.81%)
2023,Avalon Technologies,"AVALON, 543896",18-Apr-23,ג‚¹865.00 Cr,2.34x,ג‚¹7,ג‚¹436.00,ג‚¹443,ג‚¹436.00 (0.00%),ג‚¹398.00 (-8.72%),ג‚¹1768.1 (305.53%)
2023,Udayshivakumar Infra,"USK, 543861",3-Apr-23,ג‚¹66.00 Cr,32.49x,ג‚¹10,ג‚¹35.00,ג‚¹45,ג‚¹30.00 (-14.29%),ג‚¹31.50 (-10.00%),ג‚¹22.84 (-34.74%)
2023,Global Surfaces,"GSLSU, 543829",23-Mar-23,ג‚¹154.98 Cr,12.21x,ג‚¹18,ג‚¹140.00,ג‚¹158,ג‚¹164.00 (17.14%),ג‚¹171.05 (22.18%),ג‚¹38.99 (-72.15%)
2023,Divgi TorqTransfer Systems,"DIVGIITTS, 543812",14-Mar-23,ג‚¹412.12 Cr,5.44x,ג‚¹29,ג‚¹590.00,ג‚¹619,ג‚¹620 (5.08%),ג‚¹605.20 (2.58%),ג‚¹967.4 (63.97%)
2023,Sah Polymers,"SAH, 543743",12-Jan-23,ג‚¹66.30 Cr,17.46x,ג‚¹10,ג‚¹65.00,ג‚¹75,ג‚¹85.00 (30.77%),ג‚¹89.25 (37.31%),ג‚¹104.75 (61.15%)
2023,Radiant Cash Management,"RADIANTCMS, 543732",4-Jan-23,ג‚¹256.64 Cr,0.12x,ג‚¹6,ג‚¹94.00,ג‚¹105,ג‚¹104 (10.64%),ג‚¹104.90 (11.60%),ג‚¹38.07 (-59.5%)
2024,Unimech Aerospace,"UNIMECH, 544322",31-Dec-24,ג‚¹500.00 Cr,184.34x,ג‚¹625,ג‚¹785.00,ג‚¹1410,ג‚¹1460 (85.99%),ג‚¹1376.25 (75.32%),ג‚¹1185 (50.96%)
2024,Carraro India,"CARRARO, 544320",30-Dec-24,ג‚¹1250.00 Cr,1.18x,ג‚¹0,ג‚¹704.00,ג‚¹704,ג‚¹651.00 (-7.53%),ג‚¹636.30 (-9.62%),ג‚¹569.2 (-19.15%)
2024,Senores Pharmaceuticals,"SENORES, 544319",30-Dec-24,ג‚¹582.11 Cr,97.86x,ג‚¹284,ג‚¹391.00,ג‚¹675,ג‚¹600.00 (53.45%),ג‚¹557.80 (42.66%),ג‚¹1417.8 (262.61%)
2024,Ventive Hospitality,"VENTIVE, 544321",30-Dec-24,ג‚¹1600.00 Cr,10.33x,ג‚¹80,ג‚¹643.00,ג‚¹723,ג‚¹716.00 (11.35%),ג‚¹704.55 (9.57%),ג‚¹624.3 (-2.91%)
2024,Concord Enviro Systems,"CEWATER, 544315",27-Dec-24,ג‚¹500.33 Cr,10.67x,ג‚¹138,ג‚¹701.00,ג‚¹839,ג‚¹826.00 (17.83%),ג‚¹828.45 (18.18%),ג‚¹352.6 (-49.7%)
2024,DAM Capital Advisors,"DAMCAPITAL, 544316",27-Dec-24,ג‚¹840.25 Cr,81.88x,ג‚¹143,ג‚¹283.00,ג‚¹426,ג‚¹393.00 (38.87%),ג‚¹415.10 (46.68%),ג‚¹153.41 (-45.79%)
2024,Transrail Lighting,"TRANSRAILL, 544317",27-Dec-24,ג‚¹838.91 Cr,81.98x,ג‚¹165,ג‚¹432.00,ג‚¹597,ג‚¹590.00 (36.57%),ג‚¹553.55 (28.14%),ג‚¹508.05 (17.6%)
2024,Sanathan Textiles,"SANATHAN, 544314",27-Dec-24,ג‚¹550.00 Cr,36.9x,ג‚¹87,ג‚¹321.00,ג‚¹408,ג‚¹422.30 (31.56%),ג‚¹389.00 (21.18%),ג‚¹445.05 (38.64%)
2024,Mamata Machinery,"MAMATA, 544318",27-Dec-24,ג‚¹179.35 Cr,194.95x,ג‚¹260,ג‚¹243.00,ג‚¹503,ג‚¹600.00 (146.91%),ג‚¹630.00 (159.26%),ג‚¹380.1 (56.42%)
2024,International Gemmological Institute,"IGIL, 544311",20-Dec-24,ג‚¹4225.00 Cr,35.48x,ג‚¹159,ג‚¹417.00,ג‚¹576,ג‚¹504.85 (21.07%),ג‚¹471.15 (12.99%),ג‚¹346.9 (-16.81%)
2024,Inventurus Knowledge Solutions,"IKS, 544309",19-Dec-24,ג‚¹2497.92 Cr,52.68x,ג‚¹421,ג‚¹1329.00,ג‚¹1750,ג‚¹1856.00 (39.65%),ג‚¹1960.85 (47.54%),ג‚¹1928.1 (45.08%)
2024,Mobikwik,"MOBIKWIK, 544305",18-Dec-24,ג‚¹572.00 Cr,125.69x,ג‚¹160,ג‚¹279.00,ג‚¹439,ג‚¹440.00 (57.71%),ג‚¹530.30 (90.07%),ג‚¹221.45 (-20.63%)
2024,Vishal Mega Mart,"VMM, 544307",18-Dec-24,ג‚¹8000.00 Cr,28.75x,ג‚¹22,ג‚¹78.00,ג‚¹100,ג‚¹104.00 (33.33%),ג‚¹111.95 (43.53%),ג‚¹118.79 (52.29%)
2024,Sai Life Sciences,"SAILIFE, 544306",18-Dec-24,ג‚¹3042.62 Cr,10.27x,ג‚¹72,ג‚¹549.00,ג‚¹621,ג‚¹650.00 (18.40%),ג‚¹765.30 (39.40%),ג‚¹1265 (130.42%)
2024,Property Share InvIT,544295,10-Dec-24,ג‚¹352.91 Cr,0.03x,ג‚¹0,ג‚¹1050000.00,,ג‚¹1050000.00 (0.00%),ג‚¹1048945.70 (-0.10%),ג‚¹1075000 (2.38%)
2024,Suraksha Clinic and Diagnostic,"SURAKSHA, 544293",6-Dec-24,ג‚¹846.25 Cr,1.27x,ג‚¹13,ג‚¹441.00,ג‚¹454,ג‚¹438.00 (-0.68%),ג‚¹441.00 (0.00%),ג‚¹264.3 (-40.07%)
2024,Enviro Infra Engineers,"EIEL, 544290",29-Nov-24,ג‚¹650.30 Cr,89.9x,ג‚¹57,ג‚¹148.00,ג‚¹205,ג‚¹220.00 (48.65%),ג‚¹207.07 (39.91%),ג‚¹244.49 (65.2%)
2024,NTPC Green Energy,"NTPCGREEN, 544289",27-Nov-24,ג‚¹10000.00 Cr,2.55x,ג‚¹1,ג‚¹108.00,ג‚¹109,ג‚¹111.50 (3.24%),ג‚¹122.10 (13.06%),ג‚¹94.1 (-12.87%)
2024,BlackBuck-Zinka Logistics,"BLACKBUCK, 544288",22-Nov-24,ג‚¹1114.72 Cr,1.87x,ג‚¹0,ג‚¹273.00,ג‚¹273,ג‚¹280.90 (2.89%),ג‚¹260.20 (-4.69%),ג‚¹578.9 (112.05%)
2024,Niva Bupa Health Insurance,"NIVABUPA, 544286",14-Nov-24,ג‚¹2200.00 Cr,1.9x,ג‚¹1,ג‚¹74.00,ג‚¹75,ג‚¹78.14 (5.59%),ג‚¹74.00 (0.00%),ג‚¹86.51 (16.91%)
2024,Swiggy,"SWIGGY, 544285",13-Nov-24,ג‚¹11327.43 Cr,3.59x,ג‚¹0,ג‚¹390.00,ג‚¹390,ג‚¹420.00 (7.69%),ג‚¹456.00 (16.92%),ג‚¹273.25 (-29.94%)
2024,ACME Solar Holdings,"ACMESOLAR, 544283",13-Nov-24,ג‚¹2900.00 Cr,2.89x,ג‚¹-4,ג‚¹289.00,ג‚¹285,ג‚¹251.00 (-13.15%),ג‚¹253.50 (-12.28%),ג‚¹377 (30.45%)
2024,Sagility India,"SAGILITY, 544282",12-Nov-24,ג‚¹2106.40 Cr,3.2x,ג‚¹0.30,ג‚¹30.00,ג‚¹30.3,ג‚¹31.06 (3.53%),ג‚¹29.36 (-2.13%),ג‚¹42.53 (41.77%)
2024,Afcons Infrastructure,"AFCONS, 544280",4-Nov-24,ג‚¹5430.00 Cr,2.77x,ג‚¹15,ג‚¹463.00,ג‚¹478,ג‚¹426.00 (-7.99%),ג‚¹474.55 (2.49%),ג‚¹300.9 (-35.01%)
2024,Godavari Biorefineries,"GODAVARIB, 544279",30-Oct-24,ג‚¹554.75 Cr,1.87x,ג‚¹5,ג‚¹352.00,ג‚¹357,ג‚¹308.00 (-12.50%),ג‚¹343.20 (-2.50%),ג‚¹270.7 (-23.1%)
2024,Waaree Energies,"WAAREEENER, 544277",28-Oct-24,ג‚¹4321.44 Cr,79.44x,ג‚¹1295,ג‚¹1503.00,ג‚¹2798,ג‚¹2500 (66.33%),ג‚¹2338.90 (55.62%),ג‚¹2922.9 (94.47%)
2024,Deepak Builders Engineers,"DBEIL, 544276",28-Oct-24,ג‚¹260.04 Cr,41.54x,ג‚¹32,ג‚¹203.00,ג‚¹235,ג‚¹200.00 (-1.48%),ג‚¹161.95 (-20.22%),ג‚¹8.29 (-58.55%)
2024,Hyundai Motor,"HYUNDAI, 544274",22-Oct-24,ג‚¹27858.75 Cr,2.37x,ג‚¹62,ג‚¹1960.00,ג‚¹2022,ג‚¹1934.00 (-1.33%),ג‚¹1820.40 (-7.12%),ג‚¹1984.9 (1.27%)
2024,Garuda Construction and Engineering,"GARUDA, 544271",15-Oct-24,ג‚¹264.10 Cr,7.55x,ג‚¹0,ג‚¹95.00,ג‚¹95,ג‚¹105.00 (10.53%),ג‚¹106.83 (12.45%),ג‚¹177.18 (86.51%)
2024,Diffusion Engineers,"DIFFNKG, 544264",4-Oct-24,ג‚¹157.96 Cr,114.5x,ג‚¹58,ג‚¹168.00,ג‚¹226,ג‚¹193.50 (15.18%),ג‚¹203.17 (20.93%),ג‚¹403.4 (140.12%)
2024,KRN Heat Exchanger,"KRN, 544263",3-Oct-24,ג‚¹341.95 Cr,213.41x,ג‚¹235,ג‚¹220.00,ג‚¹455,ג‚¹480.00 (118.18%),ג‚¹478.79 (117.63%),ג‚¹1230.9 (459.5%)
2024,Manba Finance,"MANBA, 544262",30-Sep-24,ג‚¹150.84 Cr,224.05x,ג‚¹33,ג‚¹120.00,ג‚¹153,ג‚¹145.00 (20.83%),ג‚¹157.45 (31.21%),ג‚¹138.1 (15.08%)
2024,Northern Arc Capital,"NORTHARC, 544260",24-Sep-24,ג‚¹777.00 Cr,117.19x,ג‚¹131,ג‚¹263.00,ג‚¹394,ג‚¹350.00 (33.08%),ג‚¹323.60 (23.04%),ג‚¹325.3 (23.69%)
2024,Arkade Developers,"ARKADE, 544261",24-Sep-24,ג‚¹410.00 Cr,113.49x,ג‚¹63,ג‚¹128.00,ג‚¹191,ג‚¹175.00 (36.72%),ג‚¹165.86 (29.58%),ג‚¹132.56 (3.56%)
2024,Western Carriers (India),"WCIL, 544258",24-Sep-24,ג‚¹492.88 Cr,31.69x,ג‚¹16,ג‚¹172.00,ג‚¹188,ג‚¹171.00 (-0.58%),ג‚¹159.45 (-7.30%),ג‚¹94.76 (-44.91%)
2024,P N Gadgil Jewellers,"PNGJL, 544256",17-Sep-24,ג‚¹1100.00 Cr,59.41x,ג‚¹303.50,ג‚¹480.00,ג‚¹783.5,ג‚¹830.00 (72.92%),ג‚¹793.30 (65.27%),ג‚¹588.05 (22.51%)
2024,Bajaj Housing Finance,"BAJAJHFL, 544252",16-Sep-24,ג‚¹6560.00 Cr,67.43x,ג‚¹72,ג‚¹70.00,ג‚¹142,ג‚¹150.00 (114.29%),ג‚¹165.00 (135.71%),ג‚¹88.07 (25.81%)
2024,Kross,"KROSS, 544253",16-Sep-24,ג‚¹500.00 Cr,17.66x,ג‚¹24.50,ג‚¹240.00,ג‚¹264.5,ג‚¹240.00 (0.00%),ג‚¹259.81 (8.25%),ג‚¹185.89 (-22.55%)
2024,Tolins Tyres,"TOLINS, 544254",16-Sep-24,ג‚¹230.00 Cr,25.03x,ג‚¹30,ג‚¹226.00,ג‚¹256,ג‚¹228.00 (0.88%),ג‚¹239.40 (5.93%),ג‚¹104.8 (-53.63%)
2024,Shree Tirupati Balajee,"BALAJEE, 544249",12-Sep-24,ג‚¹169.65 Cr,124.74x,ג‚¹27,ג‚¹83.00,ג‚¹110,ג‚¹90.00 (8.43%),ג‚¹97.54 (17.52%),ג‚¹28.84 (-65.25%)
2024,Gala Precision Engineering,"GALAPREC, 544244",9-Sep-24,ג‚¹167.93 Cr,201.41x,ג‚¹245,ג‚¹529.00,ג‚¹774,ג‚¹721.10 (36.31%),ג‚¹787.05 (48.78%),ג‚¹1187.7 (124.52%)
2024,Baazar Style Retail,"STYLEBAAZA, 544243",6-Sep-24,ג‚¹834.68 Cr,40.63x,ג‚¹33,ג‚¹389.00,ג‚¹422,ג‚¹389.00 (0.00%),ג‚¹400.00 (2.83%),ג‚¹300.3 (-22.8%)
2024,ECOS India Mobility,"ECOSMOBLTY, 544239",4-Sep-24,ג‚¹601.20 Cr,64.18x,ג‚¹126,ג‚¹334.00,ג‚¹460,ג‚¹390.00 (16.77%),ג‚¹443.15 (32.68%),ג‚¹129.36 (-61.27%)
2024,Premier Energies,"PREMIERENE, 544238",3-Sep-24,ג‚¹2830.40 Cr,75x,ג‚¹487,ג‚¹450.00,ג‚¹937,ג‚¹990.00 (120.00%),ג‚¹839.90 (86.64%),ג‚¹1117.2 (148.27%)
2024,Orient Technologies,"ORIENTTECH, 544235",28-Aug-24,ג‚¹214.76 Cr,154.84x,ג‚¹95,ג‚¹206.00,ג‚¹301,ג‚¹288.00 (39.81%),ג‚¹304.45 (47.79%),ג‚¹251.96 (22.31%)
2024,Interarch Building Products,"INTERARCH, 544232",26-Aug-24,ג‚¹600.29 Cr,93.79x,ג‚¹336,ג‚¹900.00,ג‚¹1236,ג‚¹1299.00 (44.33%),ג‚¹1196.45 (32.94%),ג‚¹1837.6 (104.18%)
2024,Saraswati Saree Depot,"SSDL, 544230",20-Aug-24,ג‚¹160.01 Cr,107.39x,ג‚¹40,ג‚¹160.00,ג‚¹200,ג‚¹194.00 (21.25%),ג‚¹209.95 (31.22%),ג‚¹55.73 (-65.17%)
2024,Unicommerce eSolutions,"UNIECOM, 544227",13-Aug-24,ג‚¹276.57 Cr,168.35x,ג‚¹69,ג‚¹108.00,ג‚¹177,ג‚¹235.00 (117.59%),ג‚¹210.08 (94.52%),ג‚¹88.59 (-17.97%)
2024,Firstcry,"FIRSTCRY, 544226",13-Aug-24,ג‚¹4193.73 Cr,12.22x,ג‚¹87,ג‚¹465.00,ג‚¹552,ג‚¹651.00 (40.00%),ג‚¹679.10 (46.04%),ג‚¹212.25 (-54.35%)
2024,OLA Electric,"OLAELEC, 544225",9-Aug-24,ג‚¹6145.56 Cr,4.45x,ג‚¹-3,ג‚¹76.00,ג‚¹73,ג‚¹76.00 (0.00%),ג‚¹91.20 (20.00%),ג‚¹40.41 (-46.83%)
2024,Ceigall India,"CEIGALL, 544223",8-Aug-24,ג‚¹1252.66 Cr,14.01x,ג‚¹17.50,ג‚¹401.00,ג‚¹418.5,ג‚¹419 (4.49%),ג‚¹386.75 (-3.55%),ג‚¹365.8 (-8.78%)
2024,Akums Drugs and Pharmaceuticals,"AKUMS, 544222",6-Aug-24,ג‚¹1856.74 Cr,63.44x,ג‚¹43,ג‚¹679.00,ג‚¹722,ג‚¹725.00 (6.77%),ג‚¹796.35 (17.28%),ג‚¹701.95 (3.38%)
2024,Sanstar,"SANSTAR, 544217",26-Jul-24,ג‚¹510.15 Cr,82.99x,ג‚¹25,ג‚¹95.00,ג‚¹120,ג‚¹109.00 (14.74%),ג‚¹115.09 (21.15%),ג‚¹113.22 (19.18%)
2024,Bansal Wire,"BANSALWIRE, 544209",10-Jul-24,ג‚¹745.00 Cr,62.76x,ג‚¹70,ג‚¹256.00,ג‚¹326,ג‚¹356.00 (39.06%),ג‚¹350.35 (36.86%),ג‚¹331.2 (29.37%)
2024,Emcure Pharma,"EMCURE, 544210",10-Jul-24,ג‚¹1952.03 Cr,67.87x,ג‚¹300,ג‚¹1008.00,ג‚¹1308,ג‚¹1325.05 (31.45%),ג‚¹1359.15 (34.84%),ג‚¹1814.4 (80%)
2024,Vraj Iron and Steel,"VRAJ, 544204",3-Jul-24,ג‚¹171.00 Cr,126.36x,ג‚¹50,ג‚¹207.00,ג‚¹257,ג‚¹240.00 (15.94%),ג‚¹252.00 (21.74%),ג‚¹117 (-43.48%)
2024,Allied Blenders and Distillers,"ABDL, 544203",2-Jul-24,ג‚¹1500.00 Cr,24.85x,ג‚¹59,ג‚¹281.00,ג‚¹340,ג‚¹320.00 (13.88%),ג‚¹317.90 (13.13%),ג‚¹648.75 (130.87%)
2024,Stanley lifestyles,"STANLEY, 544202",28-Jun-24,ג‚¹537.02 Cr,97.16x,ג‚¹173,ג‚¹369.00,ג‚¹542,ג‚¹494.95 (34.13%),ג‚¹474.75 (28.66%),ג‚¹156.21 (-57.67%)
2024,DEE Development Engineers,"DEEDEV, 544198",26-Jun-24,ג‚¹418.01 Cr,103.03x,ג‚¹90,ג‚¹203.00,ג‚¹293,ג‚¹339.00 (67.00%),ג‚¹335.32 (65.18%),ג‚¹698.7 (244.19%)
2024,Aasaan Loans,"AFIL, 544200",26-Jun-24,ג‚¹132.00 Cr,54.49x,ג‚¹16,ג‚¹120.00,ג‚¹136,ג‚¹127.00 (5.83%),ג‚¹133.35 (11.13%),ג‚¹9.75 (-18.75%)
2024,ixigo,"IXIGO, 544192",18-Jun-24,ג‚¹740.10 Cr,98.1x,ג‚¹30.50,ג‚¹93.00,ג‚¹123.5,ג‚¹138.10 (48.49%),ג‚¹165.72 (78.19%),ג‚¹207.18 (122.77%)
2024,Kronox Lab Sciences,"KRONOX, 544187",10-Jun-24,ג‚¹130.15 Cr,117.25x,ג‚¹28,ג‚¹136.00,ג‚¹164,ג‚¹164.95 (21.29%),ג‚¹159.35 (17.17%),ג‚¹150.78 (10.87%)
2024,Awfis Space Solutions,"AWFIS, 544181",30-May-24,ג‚¹598.93 Cr,108.17x,ג‚¹84,ג‚¹383.00,ג‚¹467,ג‚¹435.00 (13.58%),ג‚¹421.75 (10.12%),ג‚¹303.2 (-20.84%)
2024,Go Digit General Insurance,"GODIGIT, 544179",23-May-24,ג‚¹2614.65 Cr,9.6x,ג‚¹4,ג‚¹272.00,ג‚¹276,ג‚¹286.00 (5.15%),ג‚¹306.00 (12.50%),ג‚¹312 (14.71%)
2024,TBO Tek,"TBOTEK, 544174",15-May-24,ג‚¹1550.81 Cr,86.69x,ג‚¹300,ג‚¹920.00,ג‚¹1220,ג‚¹1426.00 (55.00%),ג‚¹1406.30 (52.86%),ג‚¹1504.9 (63.58%)
2024,Aadhar Housing Finance,"AADHARHFC, 544176",15-May-24,ג‚¹3000.00 Cr,26.76x,ג‚¹43,ג‚¹315.00,ג‚¹358,ג‚¹315.00 (0.00%),ג‚¹329.55 (4.62%),ג‚¹534.55 (69.7%)
2024,Indegene,"INDGN, 544172",13-May-24,ג‚¹1841.76 Cr,70.3x,ג‚¹275,ג‚¹452.00,ג‚¹727,ג‚¹655.00 (44.91%),ג‚¹570.90 (26.31%),ג‚¹509.3 (12.68%)
2024,JNK India,"JNKINDIA, 544167",30-Apr-24,ג‚¹649.47 Cr,28.46x,ג‚¹135,ג‚¹415.00,ג‚¹550,ג‚¹621.00 (49.64%),ג‚¹694.55 (67.36%),ג‚¹509.35 (22.73%)
2024,VI,"IDEA, 532822",25-Apr-24,ג‚¹18000.00 Cr,6.99x,ג‚¹1.40,ג‚¹11.00,ג‚¹12.4,ג‚¹12.00 (9.09%),ג‚¹13.90 (26.36%),ג‚¹14.19 (29%)
2024,Bharti Hexacom,"BHARTIHEXA, 544162",12-Apr-24,ג‚¹4275.00 Cr,29.88x,ג‚¹140,ג‚¹570.00,ג‚¹710,ג‚¹755.00 (32.46%),ג‚¹813.75 (42.76%),ג‚¹1604.7 (181.53%)
2024,SRM Contractors,"SRM, 544158",3-Apr-24,ג‚¹130.20 Cr,86.57x,ג‚¹70,ג‚¹210.00,ג‚¹280,ג‚¹215.25 (2.50%),ג‚¹236.20 (12.48%),ג‚¹500.65 (138.4%)
2024,Krystal Integrated Services,"KRYSTAL, 544149",21-Mar-24,ג‚¹300.12 Cr,13.49x,ג‚¹60,ג‚¹715.00,ג‚¹775,ג‚¹785.00 (9.79%),ג‚¹712.85 (-0.30%),ג‚¹600.6 (-16%)
2024,Popular Vehicles Services,"PVSL, 544144",19-Mar-24,ג‚¹601.55 Cr,1.25x,ג‚¹0,ג‚¹295.00,ג‚¹295,ג‚¹289.20 (-1.97%),ג‚¹276.25 (-6.36%),ג‚¹93.45 (-68.32%)
2024,Gopal Snacks,"GOPAL, 544140",14-Mar-24,ג‚¹650.00 Cr,9.5x,ג‚¹-25,ג‚¹401.00,ג‚¹376,ג‚¹351.00 (-12.47%),ג‚¹362.70 (-9.55%),ג‚¹268.85 (-32.96%)
2024,JG Chemicals,"JGCHEM, 544138",13-Mar-24,ג‚¹251.19 Cr,28.52x,ג‚¹5,ג‚¹221.00,ג‚¹226,ג‚¹209 (-5.43%),ג‚¹184.80 (-16.38%),ג‚¹456.35 (106.49%)
2024,R K SWAMY,"RKSWAMY, 544136",12-Mar-24,ג‚¹423.56 Cr,25.78x,ג‚¹0,ג‚¹288.00,ג‚¹288,ג‚¹250 (-13.19%),ג‚¹263.25 (-8.59%),ג‚¹103.18 (-64.17%)
2024,Bharat Highways InvIT,"BHINVIT, 544137",12-Mar-24,ג‚¹2500.00 Cr,6.74x,ג‚¹2,ג‚¹100.00,ג‚¹102,ג‚¹101.10 (1.10%),ג‚¹103.05 (3.05%),ג‚¹112.9 (12.9%)
2024,Mukka Proteins,"MUKKA, 544135",7-Mar-24,ג‚¹224.00 Cr,136.99x,ג‚¹35,ג‚¹28.00,ג‚¹63,ג‚¹40 (42.86%),ג‚¹42.26 (50.93%),ג‚¹23.08 (-17.57%)
2024,Platinum Industries,"PLATIND, 544134",5-Mar-24,ג‚¹235.32 Cr,98.99x,ג‚¹87,ג‚¹171.00,ג‚¹258,ג‚¹225 (31.58%),ג‚¹221.20 (29.36%),ג‚¹228 (33.33%)
2024,Exicom Tele-Systems,"EXICOM, 544133",5-Mar-24,ג‚¹429.00 Cr,133.56x,ג‚¹160,ג‚¹142.00,ג‚¹302,ג‚¹265 (86.62%),ג‚¹225.65 (58.91%),ג‚¹170.04 (19.75%)
2024,GPT Healthcare,"GPTHEALTH, 544131",29-Feb-24,ג‚¹525.14 Cr,8.52x,ג‚¹17,ג‚¹186.00,ג‚¹203,ג‚¹215.00 (15.59%),ג‚¹200.75 (7.93%),ג‚¹158.11 (-14.99%)
2024,Juniper Hotels,"JUNIPER, 544129",28-Feb-24,ג‚¹1800.00 Cr,2.18x,ג‚¹0,ג‚¹360.00,ג‚¹360,ג‚¹365 (1.39%),ג‚¹401.50 (11.53%),ג‚¹198.92 (-44.74%)
2024,Vibhor Steel Tubes,"VSTL, 544124",20-Feb-24,ג‚¹72.17 Cr,320.05x,ג‚¹140,ג‚¹151.00,ג‚¹291,ג‚¹425 (181.46%),ג‚¹446.25 (195.53%),ג‚¹114.47 (-24.19%)
2024,Entero Healthcare Solutions,"ENTERO, 544122",16-Feb-24,ג‚¹1600.00 Cr,1.43x,ג‚¹2,ג‚¹1258.00,ג‚¹1260,ג‚¹1228.70 (-2.33%),ג‚¹1149.55 (-8.62%),ג‚¹1210.9 (-3.74%)
2024,Rashi Peripherals,"RPTECH, 544119",14-Feb-24,ג‚¹600.00 Cr,62.95x,ג‚¹34,ג‚¹311.00,ג‚¹345,ג‚¹339.50 (9.16%),ג‚¹321.50 (3.38%),ג‚¹783.05 (151.78%)
2024,Capital Small Finance Bank,"CAPITALSFB, 544120",14-Feb-24,ג‚¹523.07 Cr,4.17x,ג‚¹0,ג‚¹468.00,ג‚¹468,ג‚¹430.25 (-8.07%),ג‚¹435.00 (-7.05%),ג‚¹294.25 (-37.13%)
2024,Jana Small Finance Bank,"JSFB, 544118",14-Feb-24,ג‚¹570.00 Cr,19.89x,ג‚¹16,ג‚¹414.00,ג‚¹430,ג‚¹396 (-4.35%),ג‚¹368.20 (-11.06%),ג‚¹474.1 (14.52%)
2024,Apeejay Surrendra Park,"PARKHOTELS, 544111",12-Feb-24,ג‚¹920.43 Cr,62.91x,ג‚¹38,ג‚¹155.00,ג‚¹193,ג‚¹186 (20.00%),ג‚¹203.55 (31.32%),ג‚¹127.65 (-17.65%)
2024,BLS E-Services,"BLSE, 544107",6-Feb-24,ג‚¹309.29 Cr,82.61x,ג‚¹155,ג‚¹135.00,ג‚¹290,ג‚¹305.00 (125.93%),ג‚¹370.75 (174.63%),ג‚¹263.25 (95%)
2024,Nova Agri Tech,"NOVAAGRI, 544100",31-Jan-24,ג‚¹143.81 Cr,113.21x,ג‚¹13,ג‚¹41.00,ג‚¹54,ג‚¹55 (34.15%),ג‚¹58.79 (43.39%),ג‚¹23.59 (-42.46%)
2024,EPACK Durable,"EPACK, 544095",30-Jan-24,ג‚¹640.05 Cr,16.79x,ג‚¹5,ג‚¹230.00,ג‚¹235,ג‚¹221 (-3.91%),ג‚¹207.70 (-9.70%),ג‚¹233.34 (1.45%)
2024,Medi Assist Healthcare,"MEDIASSIST, 544088",23-Jan-24,ג‚¹1171.58 Cr,16.25x,ג‚¹34,ג‚¹418.00,ג‚¹452,ג‚¹460 (10.05%),ג‚¹464.25 (11.06%),ג‚¹357.8 (-14.4%)
2024,Jyoti CNC Automation,"JYOTICNC, 544081",16-Jan-24,ג‚¹1000.00 Cr,40.49x,ג‚¹38,ג‚¹331.00,ג‚¹369,ג‚¹370 (11.78%),ג‚¹434.20 (31.18%),ג‚¹796.55 (140.65%)
2025,Gujarat Kidney,"GKSL, 544666",30-Dec-25,ג‚¹250.80 Cr,5.21x,ג‚¹1.5,ג‚¹114.00,ג‚¹115.5,ג‚¹120.00 (5.26%),ג‚¹104.65 (-8.20%),ג‚¹132.55 (16.27%)
2025,KSH International,"KSHINTL, 544664",23-Dec-25,ג‚¹626.35 Cr,0.87x,ג‚¹-2,ג‚¹384.00,ג‚¹382,ג‚¹370.00 (-3.65%),ג‚¹355.00 (-7.55%),ג‚¹849.35 (121.18%)
2025,ICICI Prudential AMC,"ICICIAMC, 544658",19-Dec-25,ג‚¹10602.65 Cr,39.17x,ג‚¹460,ג‚¹2165.00,ג‚¹2625,ג‚¹2600.00 (20.09%),ג‚¹2586.70 (19.48%),ג‚¹3159.6 (45.94%)
2025,Park Medi World,"PARKHOSPS, 544645",17-Dec-25,ג‚¹920.00 Cr,8.52x,ג‚¹0,ג‚¹162.00,ג‚¹162,ג‚¹158.80 (-1.98%),ג‚¹148.15 (-8.55%),ג‚¹286.1 (76.6%)
2025,Nephrocare Health,"NEPHROPLUS, 544647",17-Dec-25,ג‚¹871.05 Cr,14.08x,ג‚¹40,ג‚¹460.00,ג‚¹500,ג‚¹490.00 (6.52%),ג‚¹471.60 (2.52%),ג‚¹649 (41.09%)
2025,Wakefit Innovations,"WAKEFIT, 544642",15-Dec-25,ג‚¹1288.89 Cr,2.52x,ג‚¹4,ג‚¹195.00,ג‚¹199,ג‚¹195.00 (0.00%),ג‚¹192.30 (-1.38%),ג‚¹129.8 (-33.44%)
2025,Corona Remedies,"CORONA, 544644",15-Dec-25,ג‚¹655.37 Cr,144.54x,ג‚¹342.5,ג‚¹1062.00,ג‚¹1404.5,ג‚¹1470 (38.42%),ג‚¹1438.40 (35.44%),ג‚¹2042.8 (92.35%)
2025,Aequs,"AEQUS, 544634",10-Dec-25,ג‚¹921.81 Cr,104.3x,ג‚¹24,ג‚¹124.00,ג‚¹148,ג‚¹140.00 (12.90%),ג‚¹151.50 (22.18%),ג‚¹248.78 (100.63%)
2025,Vidya Wires,"VIDYAWIRES, 544633",10-Dec-25,ג‚¹300.01 Cr,28.53x,ג‚¹3.5,ג‚¹52.00,ג‚¹55.5,ג‚¹52.00 (0.00%),ג‚¹53.17 (2.25%),ג‚¹97.06 (86.65%)
2025,Meesho,"MEESHO, 544632",10-Dec-25,ג‚¹5421.20 Cr,81.76x,ג‚¹42,ג‚¹111.00,ג‚¹153,ג‚¹162.50 (46.40%),ג‚¹170.20 (53.33%),ג‚¹194.11 (74.87%)
2025,Sudeep Pharma,"SUDEEPPHRM, 544619",28-Nov-25,ג‚¹895.00 Cr,93.71x,ג‚¹121,ג‚¹593.00,ג‚¹714,ג‚¹730.00 (23.10%),ג‚¹774.15 (30.55%),ג‚¹824.25 (39%)
2025,Excelsoft Technologies,"EXCELSOFT, 544617",26-Nov-25,ג‚¹500.00 Cr,45.46x,ג‚¹4,ג‚¹120.00,ג‚¹124,ג‚¹135.00 (12.50%),ג‚¹125.97 (4.98%),ג‚¹79.31 (-33.91%)
2025,Capillary Technologies,"CAPILLARY, 544614",21-Nov-25,ג‚¹877.50 Cr,52.98x,ג‚¹55,ג‚¹577.00,ג‚¹632,ג‚¹571.90 (-0.88%),ג‚¹606.90 (5.18%),ג‚¹502.9 (-12.84%)
2025,Fujiyama Power Systems,"UTLSOLAR, 544613",20-Nov-25,ג‚¹828.00 Cr,2.21x,ג‚¹0.5,ג‚¹228.00,ג‚¹228.5,ג‚¹220.00 (-3.51%),ג‚¹208.44 (-8.58%),ג‚¹382.7 (67.85%)
2025,Tenneco Clean Air,"TENNIND, 544612",19-Nov-25,ג‚¹3600.00 Cr,61.79x,ג‚¹104,ג‚¹397.00,ג‚¹501,ג‚¹505.00 (27.20%),ג‚¹491.20 (23.73%),ג‚¹589.55 (48.5%)
2025,Emmvee Photovoltaic,"EMMVEE, 544608",18-Nov-25,ג‚¹2900.00 Cr,0.18x,ג‚¹0,ג‚¹217.00,ג‚¹217,ג‚¹217.00 (0.00%),ג‚¹219.40 (1.11%),ג‚¹333.25 (53.57%)
2025,PhysicsWallah,"PWL, 544609",18-Nov-25,ג‚¹3480.00 Cr,1.92x,ג‚¹14,ג‚¹109.00,ג‚¹123,ג‚¹145.00 (33.03%),ג‚¹155.24 (42.42%),ג‚¹147.43 (35.26%)
2025,Pine Labs,"PINELABS, 544606",14-Nov-25,ג‚¹3900.17 Cr,2.48x,ג‚¹5.5,ג‚¹221.00,ג‚¹226.5,ג‚¹242.00 (9.50%),ג‚¹251.30 (13.71%),ג‚¹145.27 (-34.27%)
2025,Groww,"GROWW, 544603",12-Nov-25,ג‚¹6632.30 Cr,17.6x,ג‚¹5,ג‚¹100.00,ג‚¹105,ג‚¹112.00 (12.00%),ג‚¹131.33 (31.33%),ג‚¹204.47 (104.47%)
2025,Lenskart Solutions,"LENSKART, 544600",10-Nov-25,ג‚¹7278.02 Cr,28.27x,ג‚¹10,ג‚¹402.00,ג‚¹412,ג‚¹395.00 (-1.74%),ג‚¹403.30 (0.32%),ג‚¹543.65 (35.24%)
2025,Studds Accessories,"STUDDS, 544599",7-Nov-25,ג‚¹455.49 Cr,73.25x,ג‚¹35,ג‚¹585.00,ג‚¹620,ג‚¹565.00 (-3.42%),ג‚¹560.45 (-4.20%),ג‚¹461.35 (-21.14%)
2025,Orkla India,"ORKLAINDIA, 544595",6-Nov-25,ג‚¹1667.54 Cr,48.74x,ג‚¹66,ג‚¹730.00,ג‚¹796,ג‚¹750.10 (2.75%),ג‚¹713.65 (-2.24%),ג‚¹593.25 (-18.73%)
2025,Midwest,"MIDWESTLTD, 544587",24-Oct-25,ג‚¹451.10 Cr,92.36x,ג‚¹100,ג‚¹1065.00,ג‚¹1165,ג‚¹1165.00 (9.39%),ג‚¹1141.10 (7.15%),ג‚¹1332.3 (25.1%)
2025,Anantam Highways InvIT,"ANANTAM, 544579",16-Oct-25,ג‚¹400.00 Cr,3.16x,ג‚¹0,ג‚¹100.00,ג‚¹100,ג‚¹103 (3.00%),ג‚¹106.25 (6.25%),ג‚¹104.32 (4.32%)
2025,Canara HSBC Life,"CANHLIFE, 544583",17-Oct-25,ג‚¹2517.50 Cr,2.3x,ג‚¹3,ג‚¹106.00,ג‚¹109,ג‚¹106.00 (0.00%),ג‚¹111.50 (5.19%),ג‚¹144.03 (35.88%)
2025,Rubicon Research,"RUBICON, 544578",16-Oct-25,ג‚¹1377.68 Cr,109.35x,ג‚¹120,ג‚¹485.00,ג‚¹605,ג‚¹620.00 (27.84%),ג‚¹628.20 (29.53%),ג‚¹1431.4 (195.13%)
2025,Canara Robeco,"CRAMC, 544580",16-Oct-25,ג‚¹1326.13 Cr,9.74x,ג‚¹20,ג‚¹266.00,ג‚¹286,ג‚¹280.25 (5.36%),ג‚¹300.45 (12.95%),ג‚¹253.47 (-4.71%)
2025,LG Electronics,"LGEINDIA, 544576",14-Oct-25,ג‚¹11607.01 Cr,54.02x,ג‚¹460,ג‚¹1140.00,ג‚¹1600,ג‚¹1710.10 (50.01%),ג‚¹1689.90 (48.24%),ג‚¹1564.7 (37.25%)
2025,Tata Capital,"TATACAP, 544574",13-Oct-25,ג‚¹15511.87 Cr,1.96x,ג‚¹0,ג‚¹326.00,ג‚¹326,ג‚¹330.00 (1.23%),ג‚¹330.50 (1.38%),ג‚¹360.6 (10.61%)
2025,WeWork India,"WEWORK, 544570",10-Oct-25,ג‚¹3000.00 Cr,1.15x,ג‚¹0,ג‚¹648.00,ג‚¹648,ג‚¹650.00 (0.31%),ג‚¹628.65 (-2.99%),ג‚¹732.05 (12.97%)
2025,Advance Agrolife,"ADVANCE, 544562",8-Oct-25,ג‚¹192.86 Cr,56.9x,ג‚¹13,ג‚¹100.00,ג‚¹113,ג‚¹114.00 (14.00%),ג‚¹108.30 (8.30%),ג‚¹110.49 (10.49%)
2025,Om Freight Forwarders,"OMFREIGHT, 544564",8-Oct-25,ג‚¹122.31 Cr,3.88x,ג‚¹-3,ג‚¹135.00,ג‚¹132,ג‚¹81.50 (-39.63%),ג‚¹86.60 (-35.85%),ג‚¹95.91 (-28.96%)
2025,Fabtech Technologies,"FABTECH, 544558",7-Oct-25,ג‚¹230.30 Cr,2.04x,ג‚¹0,ג‚¹191.00,ג‚¹191,ג‚¹192.00 (0.52%),ג‚¹182.40 (-4.50%),ג‚¹160.02 (-16.22%)
2025,Glottis,"GLOTTIS, 544557",7-Oct-25,ג‚¹307.00 Cr,2.12x,ג‚¹0,ג‚¹129.00,ג‚¹129,ג‚¹84.00 (-34.88%),ג‚¹83.85 (-35.00%),ג‚¹66.5 (-48.45%)
2025,Pace Digitek,"PACEDIGITK, 544550",6-Oct-25,ג‚¹819.15 Cr,1.68x,ג‚¹12,ג‚¹219.00,ג‚¹231,ג‚¹225.00 (2.74%),ג‚¹217.99 (-0.46%),ג‚¹216.2 (-1.28%)
2025,Jinkushal Industries,"JKIPL, 544547",3-Oct-25,ג‚¹116.15 Cr,65.09x,ג‚¹20,ג‚¹121.00,ג‚¹141,ג‚¹125.00 (3.31%),ג‚¹121.66 (0.55%),ג‚¹97.73 (-19.23%)
2025,TruAlt Bioenergy,"TRUALT, 544545",3-Oct-25,ג‚¹839.28 Cr,75.02x,ג‚¹85,ג‚¹496.00,ג‚¹581,ג‚¹547.10 (10.30%),ג‚¹530.95 (7.05%),ג‚¹440.9 (-11.11%)
2025,Epack Prefab Technologies,"EPACKPEB, 544540",1-Oct-25,ג‚¹504.00 Cr,3.14x,ג‚¹0,ג‚¹204.00,ג‚¹204,ג‚¹183.85 (-9.88%),ג‚¹191.10 (-6.32%),ג‚¹265.51 (30.15%)
2025,BMW Ventures,"BMWVENTLTD, 544543",1-Oct-25,ג‚¹231.66 Cr,1.5x,ג‚¹0,ג‚¹99.00,ג‚¹99,ג‚¹78.00 (-21.21%),ג‚¹76.00 (-23.23%),ג‚¹58.82 (-40.59%)
2025,Jain Resource Recycling,"JAINREC, 544537",1-Oct-25,ג‚¹1250.00 Cr,16.76x,ג‚¹13,ג‚¹232.00,ג‚¹245,ג‚¹265.05 (14.25%),ג‚¹318.25 (37.18%),ג‚¹340.65 (46.83%)
2025,Jaro Institute,"JARO, 544534",30-Sep-25,ג‚¹450.00 Cr,23.2x,ג‚¹43,ג‚¹890.00,ג‚¹933,ג‚¹890.00 (0.00%),ג‚¹745.05 (-16.29%),ג‚¹520.75 (-41.49%)
2025,Anand Rathi Share,"ARSSBL, 544530",30-Sep-25,ג‚¹745.64 Cr,21.83x,ג‚¹29,ג‚¹414.00,ג‚¹443,ג‚¹432.00 (4.35%),ג‚¹445.65 (7.64%),ג‚¹570.45 (37.79%)
2025,Solarworld Energy Solutions,"SOLARWORLD, 544532",30-Sep-25,ג‚¹490.00 Cr,68.49x,ג‚¹40,ג‚¹351.00,ג‚¹391,ג‚¹388.50 (10.68%),ג‚¹323.50 (-7.83%),ג‚¹209.92 (-40.19%)
2025,Seshaasai Technologies,"STYL, 544533",30-Sep-25,ג‚¹813.28 Cr,69.64x,ג‚¹40,ג‚¹423.00,ג‚¹463,ג‚¹432.00 (2.13%),ג‚¹411.50 (-2.72%),ג‚¹359.5 (-15.01%)
2025,Ganesh Consumer Products,"GANESHCP, 544528",29-Sep-25,ג‚¹408.80 Cr,2.68x,ג‚¹-9,ג‚¹322.00,ג‚¹313,ג‚¹296.05 (-8.06%),ג‚¹294.30 (-8.60%),ג‚¹189.85 (-41.04%)
2025,Atlanta Electricals,"ATLANTAELE, 544527",29-Sep-25,ג‚¹687.85 Cr,72.16x,ג‚¹114,ג‚¹754.00,ג‚¹868,ג‚¹857.00 (13.66%),ג‚¹823.35 (9.20%),ג‚¹1695.4 (124.85%)
2025,Saatvik Green Energy,"SAATVIKGL, 544526",26-Sep-25,ג‚¹900.20 Cr,6.93x,ג‚¹10,ג‚¹465.00,ג‚¹475,ג‚¹465.00 (0.00%),ג‚¹440.70 (-5.23%),ג‚¹449.2 (-3.4%)
2025,GK Energy,"GKENERGY, 544525",26-Sep-25,ג‚¹464.26 Cr,93.58x,ג‚¹18,ג‚¹153.00,ג‚¹171,ג‚¹171.00 (11.76%),ג‚¹167.75 (9.64%),ג‚¹143.53 (-6.19%)
2025,Ivalue Infosolutions,"IVALUE, 544523",25-Sep-25,ג‚¹560.29 Cr,1.82x,ג‚¹0,ג‚¹299.00,ג‚¹299,ג‚¹284.95 (-4.70%),ג‚¹281.85 (-5.74%),ג‚¹305.95 (2.32%)
2025,VMS TMT,"VMSTMT, 544521",24-Sep-25,ג‚¹148.50 Cr,102.24x,ג‚¹11,ג‚¹99.00,ג‚¹110,ג‚¹104.90 (5.96%),ג‚¹99.75 (0.76%),ג‚¹46.33 (-53.2%)
2025,Euro Pratik Sales,"EUROPRATIK, 544519",23-Sep-25,ג‚¹451.31 Cr,1.41x,ג‚¹10,ג‚¹247.00,ג‚¹257,ג‚¹272.10 (10.16%),ג‚¹248.38 (0.56%),ג‚¹313.6 (26.96%)
2025,Shringar House of Mangalsutra,"SHRINGARMS, 544512",17-Sep-25,ג‚¹400.95 Cr,60.31x,ג‚¹21,ג‚¹165.00,ג‚¹186,ג‚¹188.50 (14.24%),ג‚¹184.88 (12.05%),ג‚¹228.95 (38.76%)
2025,Urban Co.,"URBANCO, 544515",17-Sep-25,ג‚¹1900.24 Cr,108.98x,ג‚¹54,ג‚¹103.00,ג‚¹157,ג‚¹162.25 (57.52%),ג‚¹167.05 (62.18%),ג‚¹132.75 (28.88%)
2025,Dev Accelerator,"DEVX, 544513",17-Sep-25,ג‚¹143.35 Cr,64x,ג‚¹6,ג‚¹61.00,ג‚¹67,ג‚¹61.00 (0.00%),ג‚¹64.36 (5.51%),ג‚¹35.07 (-42.51%)
2025,Amanta Healthcare,"AMANTA, 544502",9-Sep-25,ג‚¹126.00 Cr,82.6x,ג‚¹9,ג‚¹126.00,ג‚¹135,ג‚¹135.00 (7.14%),ג‚¹141.75 (12.50%),ג‚¹179.17 (42.2%)
2025,Vikran Engineering,"VIKRAN, 544496",3-Sep-25,ג‚¹772.00 Cr,24.87x,ג‚¹7,ג‚¹97.00,ג‚¹104,ג‚¹99.00 (2.06%),ג‚¹95.71 (-1.33%),ג‚¹74.34 (-23.36%)
2025,Anlon Healthcare,"AHCL, 544497",3-Sep-25,ג‚¹121.03 Cr,7.12x,ג‚¹1,ג‚¹91.00,ג‚¹92,ג‚¹92.00 (1.10%),ג‚¹91.73 (0.80%),ג‚¹15.59 (-82.87%)
2025,Mangal Electrical,"MEIL, 544492",28-Aug-25,ג‚¹400.00 Cr,9.95x,ג‚¹-3,ג‚¹561.00,ג‚¹558,ג‚¹556.00 (-0.89%),ג‚¹535.35 (-4.57%),ג‚¹301.1 (-46.33%)
2025,Shreeji Shipping Global,"SHREEJISPG, 544490",26-Aug-25,ג‚¹410.71 Cr,58.08x,ג‚¹34,ג‚¹252.00,ג‚¹286,ג‚¹270.00 (7.14%),ג‚¹255.10 (1.23%),ג‚¹551.75 (118.95%)
2025,Patel Retail,"PATELRMART, 544487",26-Aug-25,ג‚¹242.66 Cr,95.69x,ג‚¹52,ג‚¹255.00,ג‚¹307,ג‚¹300.00 (17.65%),ג‚¹289.75 (13.63%),ג‚¹225.44 (-11.59%)
2025,Gem Aromatics,"GEMAROMA, 544491",26-Aug-25,ג‚¹451.25 Cr,30.45x,ג‚¹33,ג‚¹325.00,ג‚¹358,ג‚¹333.10 (2.49%),ג‚¹319.10 (-1.82%),ג‚¹206.54 (-36.45%)
2025,Vikram Solar,"VIKRAMSOLR, 544488",26-Aug-25,ג‚¹2079.37 Cr,56.42x,ג‚¹35,ג‚¹332.00,ג‚¹367,ג‚¹338.00 (1.81%),ג‚¹356.45 (7.36%),ג‚¹203.35 (-38.75%)
2025,Regaal Resources,"REGAAL, 544485",20-Aug-25,ג‚¹306.00 Cr,159.87x,ג‚¹31,ג‚¹102.00,ג‚¹133,ג‚¹141.00 (38.24%),ג‚¹131.65 (29.07%),ג‚¹81.09 (-20.5%)
2025,BlueStone Jewellery,"BLUESTONE, 544484",19-Aug-25,ג‚¹1540.65 Cr,2.72x,ג‚¹2,ג‚¹517.00,ג‚¹519,ג‚¹510.00 (-1.35%),ג‚¹546.00 (5.61%),ג‚¹580.7 (12.32%)
2025,Knowledge Realty Trust REIT,"KRT, 544481",18-Aug-25,ג‚¹4800.00 Cr,5.42x,ג‚¹2,ג‚¹100.00,ג‚¹102,ג‚¹103.00 (3.00%),ג‚¹106.24 (6.24%),ג‚¹115.56 (15.56%)
2025,All Time Plastics,"ALLTIME, 544479",14-Aug-25,ג‚¹400.60 Cr,8.62x,ג‚¹20,ג‚¹275.00,ג‚¹295,ג‚¹311.30 (13.20%),ג‚¹283.30 (3.02%),ג‚¹236.45 (-14.02%)
2025,JSW Cement,"JSWCEMENT, 544480",14-Aug-25,ג‚¹3600.00 Cr,8.22x,ג‚¹4.8,ג‚¹147.00,ג‚¹151.8,ג‚¹153.50 (4.42%),ג‚¹146.07 (-0.63%),ג‚¹138.22 (-5.97%)
2025,Highway Infrastructure,"HILINFRA, 544477",12-Aug-25,ג‚¹130.00 Cr,316.64x,ג‚¹24,ג‚¹70.00,ג‚¹94,ג‚¹115.00 (64.29%),ג‚¹122.84 (75.49%),ג‚¹45.64 (-34.8%)
2025,PropShare Titania,544462,4-Aug-25,ג‚¹472.97 Cr,1.62x,ג‚¹0,ג‚¹1060000.00,,ג‚¹1060000.00 (0.00%),ג‚¹1061100.00 (0.10%),ג‚¹1190000 (12.26%)
2025,M&B Engineering,"MBEL, 544470",6-Aug-25,ג‚¹650.00 Cr,38.11x,ג‚¹55,ג‚¹385.00,ג‚¹440,ג‚¹385.00 (0.00%),ג‚¹409.15 (6.27%),ג‚¹319.6 (-16.99%)
2025,NSDL,544467,6-Aug-25,ג‚¹4010.95 Cr,41.02x,ג‚¹125,ג‚¹800.00,ג‚¹925,ג‚¹880.00 (10.00%),ג‚¹936.00 (17.00%),ג‚¹850.65 (6.33%)
2025,Sri Lotus Developers,"LOTUSDEV, 544469",6-Aug-25,ג‚¹792.00 Cr,74.1x,ג‚¹27,ג‚¹150.00,ג‚¹177,ג‚¹178.00 (18.67%),ג‚¹196.85 (31.23%),ג‚¹145.42 (-3.05%)
2025,Laxmi India Finance,"LAXMIINDIA, 544465",5-Aug-25,ג‚¹254.26 Cr,1.86x,ג‚¹0,ג‚¹158.00,ג‚¹158,ג‚¹137.52 (-12.96%),ג‚¹134.11 (-15.12%),ג‚¹110.87 (-29.83%)
2025,Aditya Infotech,"CPPLUS, 544466",5-Aug-25,ג‚¹1300.00 Cr,106.23x,ג‚¹305,ג‚¹675.00,ג‚¹980,ג‚¹1015.00 (50.37%),ג‚¹1084.10 (60.61%),ג‚¹3662.4 (442.58%)
2025,Shanti Gold International,"SHANTIGOLD, 544459",1-Aug-25,ג‚¹360.11 Cr,80.78x,ג‚¹34,ג‚¹199.00,ג‚¹233,ג‚¹227.55 (14.35%),ג‚¹229.38 (15.27%),ג‚¹212.09 (6.58%)
2025,Brigade Hotel Ventures,"BRIGHOTEL, 544457",31-Jul-25,ג‚¹759.60 Cr,4.76x,ג‚¹0,ג‚¹90.00,ג‚¹90,ג‚¹81.10 (-9.89%),ג‚¹85.40 (-5.11%),ג‚¹63.94 (-28.96%)
2025,GNG Electronics,"EBGNG, 544455",30-Jul-25,ג‚¹460.43 Cr,150.21x,ג‚¹85,ג‚¹237.00,ג‚¹322,ג‚¹355.00 (49.79%),ג‚¹333.50 (40.72%),ג‚¹633.85 (167.45%)
2025,Indiqube Spaces,"INDIQUBE, 544454",30-Jul-25,ג‚¹700.00 Cr,13x,ג‚¹0,ג‚¹237.00,ג‚¹237,ג‚¹216.00 (-8.86%),ג‚¹217.97 (-8.03%),ג‚¹178.11 (-24.85%)
2025,Anthem Biosciences,"ANTHEM, 544449",21-Jul-25,ג‚¹3395.00 Cr,67.42x,ג‚¹179,ג‚¹570.00,ג‚¹749,ג‚¹723.05 (26.85%),ג‚¹730.35 (28.13%),ג‚¹754.7 (32.4%)
2025,Smartworks Coworking,"SMARTWORKS, 544447",17-Jul-25,ג‚¹582.56 Cr,13.92x,ג‚¹25,ג‚¹407.00,ג‚¹432,ג‚¹435.00 (6.88%),ג‚¹445.10 (9.36%),ג‚¹465.7 (14.42%)
2025,Travel Food Services,"TRAVELFOOD, 544443",14-Jul-25,ג‚¹2000.00 Cr,3.03x,ג‚¹25,ג‚¹1100.00,ג‚¹1125,ג‚¹1125.00 (2.27%),ג‚¹1075.20 (-2.25%),ג‚¹1310.4 (19.13%)
2025,Crizac,"CRIZAC, 544439",9-Jul-25,ג‚¹860.00 Cr,62.89x,ג‚¹41.5,ג‚¹245.00,ג‚¹286.5,ג‚¹281.05 (14.71%),ג‚¹307.63 (25.56%),ג‚¹200.02 (-18.36%)
2025,Indogulf Cropsciences,"IGCL, 544432",3-Jul-25,ג‚¹200.41 Cr,27.17x,ג‚¹18,ג‚¹111.00,ג‚¹129,ג‚¹111.00 (0.00%),ג‚¹110.80 (-0.18%),ג‚¹71.93 (-35.2%)
2025,HDB Financial,"HDBFS, 544429",2-Jul-25,ג‚¹12500.00 Cr,17.65x,ג‚¹75,ג‚¹740.00,ג‚¹815,ג‚¹835.00 (12.84%),ג‚¹840.95 (13.64%),ג‚¹755.45 (2.09%)
2025,Sambhv Steel Tubes,"SAMBHV, 544430",2-Jul-25,ג‚¹540.00 Cr,30.33x,ג‚¹14,ג‚¹82.00,ג‚¹96,ג‚¹110.00 (34.15%),ג‚¹97.59 (19.01%),ג‚¹118.65 (44.7%)
2025,Kalpataru,"KALPATARU, 544423",1-Jul-25,ג‚¹1590.00 Cr,2.31x,ג‚¹1.5,ג‚¹414.00,ג‚¹415.5,ג‚¹414.00 (0.00%),ג‚¹433.80 (4.78%),ג‚¹288.05 (-30.42%)
2025,Ellenbarrie Industrial Gases,"ELLEN, 544421",1-Jul-25,ג‚¹852.53 Cr,17.37x,ג‚¹57,ג‚¹400.00,ג‚¹457,ג‚¹486.00 (21.50%),ג‚¹541.20 (35.30%),ג‚¹294.25 (-26.44%)
2025,Globe Civil Projects,"GLOBECIVIL, 544424",1-Jul-25,ג‚¹119.00 Cr,80.97x,ג‚¹27,ג‚¹71.00,ג‚¹98,ג‚¹90.00 (26.76%),ג‚¹94.72 (33.41%),ג‚¹40.73 (-42.63%)
2025,Arisinfra Solutions,"ARISINFRA, 544419",25-Jun-25,ג‚¹499.60 Cr,2.8x,ג‚¹0,ג‚¹222.00,ג‚¹222,ג‚¹205.00 (-7.66%),ג‚¹174.38 (-21.45%),ג‚¹84.18 (-62.08%)
2025,Oswal Pumps,"OSWALPUMPS, 544418",20-Jun-25,ג‚¹1387.34 Cr,28.44x,ג‚¹41,ג‚¹614.00,ג‚¹655,ג‚¹634.00 (3.26%),ג‚¹625.35 (1.85%),ג‚¹410.3 (-33.18%)
2025,Scoda Tubes,"SCODATUBES, 544411",4-Jun-25,ג‚¹220.00 Cr,57.37x,ג‚¹20,ג‚¹140.00,ג‚¹160,ג‚¹140.00 (0.00%),ג‚¹147.00 (5.00%),ג‚¹149.1 (6.5%)
2025,Prostarm Info Systems,"PROSTARM, 544410",3-Jun-25,ג‚¹168.00 Cr,96.68x,ג‚¹12,ג‚¹105.00,ג‚¹117,ג‚¹120.00 (14.29%),ג‚¹126.25 (20.24%),ג‚¹132.11 (25.82%)
2025,Aegis Vopak Terminals,"AEGISVOPAK, 544407",2-Jun-25,ג‚¹2800.00 Cr,2.2x,ג‚¹-1,ג‚¹235.00,ג‚¹234,ג‚¹220.00 (-6.38%),ג‚¹242.00 (2.98%),ג‚¹283.18 (20.5%)
2025,Leela Hotels,"THELEELA, 544408",2-Jun-25,ג‚¹3500.00 Cr,4.72x,ג‚¹2,ג‚¹435.00,ג‚¹437,ג‚¹406.00 (-6.67%),ג‚¹435.55 (0.13%),ג‚¹501 (15.17%)
2025,Belrise Industries,"BELRISE, 544405",28-May-25,ג‚¹2150.00 Cr,43.14x,ג‚¹21,ג‚¹90.00,ג‚¹111,ג‚¹100 (11.11%),ג‚¹97.41 (8.23%),ג‚¹231.56 (157.29%)
2025,Borana Weaves,"BORANA, 544404",27-May-25,ג‚¹144.89 Cr,147.85x,ג‚¹43,ג‚¹216.00,ג‚¹259,ג‚¹243 (12.50%),ג‚¹255.15 (18.13%),ג‚¹303.4 (40.46%)
2025,Ather Energy,"ATHERENERG, 544397",6-May-25,ג‚¹2980.76 Cr,1.5x,ג‚¹12,ג‚¹321.00,ג‚¹333,ג‚¹328.00 (2.18%),ג‚¹302.50 (-5.76%),ג‚¹1225.8 (281.87%)
2025,Quality Power,"QPOWER, 544367",24-Feb-25,ג‚¹858.70 Cr,1.29x,ג‚¹5,ג‚¹425.00,ג‚¹430,ג‚¹430.00 (1.18%),ג‚¹387.90 (-8.73%),ג‚¹1212.3 (185.25%)
2025,Hexaware Technologies,"HEXT, 544362",19-Feb-25,ג‚¹8750.00 Cr,2.05x,ג‚¹0,ג‚¹708.00,ג‚¹708,ג‚¹745.50 (5.30%),ג‚¹763.85 (7.89%),ג‚¹550.25 (-22.28%)
2025,Ajax Engineering,"AJAXENGG, 544356",17-Feb-25,ג‚¹1268.93 Cr,6.06x,ג‚¹-3,ג‚¹629.00,ג‚¹626,ג‚¹576.00 (-8.43%),ג‚¹595.60 (-5.31%),ג‚¹545.2 (-13.32%)
2025,Dr. Agarwal's,"AGARWALEYE, 544350",4-Feb-25,ג‚¹3027.26 Cr,1.49x,ג‚¹-4,ג‚¹402.00,ג‚¹398,ג‚¹402 (0.00%),ג‚¹401.65 (-0.09%),ג‚¹481.55 (19.79%)
2025,Denta Water,"DENTA, 544345",29-Jan-25,ג‚¹220.50 Cr,221.54x,ג‚¹73,ג‚¹294.00,ג‚¹367,ג‚¹325.00 (10.54%),ג‚¹346.45 (17.84%),ג‚¹353.05 (20.09%)
2025,Stallion India,"STALLION, 544342",23-Jan-25,ג‚¹199.45 Cr,188.32x,ג‚¹35,ג‚¹90.00,ג‚¹125,ג‚¹120 (33.33%),ג‚¹126.00 (40.00%),ג‚¹204.88 (127.64%)
2025,Laxmi Dental,"LAXMIDENTL, 544339",20-Jan-25,ג‚¹698.06 Cr,114.14x,ג‚¹145,ג‚¹428.00,ג‚¹573,ג‚¹542.00 (26.64%),ג‚¹550.65 (28.66%),ג‚¹219.76 (-48.65%)
2025,Capital Infra Trust Invit,"CAPINVIT, 544338",17-Jan-25,ג‚¹1578.00 Cr,1.55x,ג‚¹0,ג‚¹99.00,ג‚¹100,ג‚¹99.00 (0.00%),ג‚¹99.02 (0.02%),ג‚¹74.11 (-25.14%)
2025,Quadrant Future Tek,"QUADFUTURE, 544336",14-Jan-25,ג‚¹290.00 Cr,195.96x,ג‚¹120,ג‚¹290.00,ג‚¹410,ג‚¹370.00 (27.59%),ג‚¹448.75 (54.74%),ג‚¹413.75 (42.67%)
2025,Standard Glass Lining,"SGLTL, 544333",13-Jan-25,ג‚¹410.05 Cr,185.48x,ג‚¹50,ג‚¹140.00,ג‚¹190,ג‚¹172.00 (22.86%),ג‚¹163.35 (16.68%),ג‚¹135.98 (-2.87%)
2025,Indo Farm Equipment,"INDOFARM, 544328",7-Jan-25,ג‚¹260.15 Cr,227.67x,ג‚¹76,ג‚¹215.00,ג‚¹291,ג‚¹256.00 (19.07%),ג‚¹273.69 (27.30%),ג‚¹157.33 (-26.82%)
2026,Knack Packaging,"KNACK, 544814",8-Jul-26,ג‚¹439.71 Cr,87.17x,ג‚¹13,ג‚¹170.00,ג‚¹183,ג‚¹188.00 (10.59%),ג‚¹182.98 (7.64%),ג‚¹209.58 (23.28%)
2026,Aastha Spintex,"AASTHA, 544808",6-Jul-26,ג‚¹170.00 Cr,5.05x,ג‚¹5,ג‚¹136.00,ג‚¹141,ג‚¹130.00 (-4.41%),ג‚¹136.49 (0.36%),ג‚¹122.88 (-9.65%)
2026,CSM Technologies,"CSM, 544806",2-Jul-26,ג‚¹145.78 Cr,1.37x,ג‚¹0,ג‚¹113.00,ג‚¹113,ג‚¹113.00 (0.00%),ג‚¹107.35 (-5.00%),ג‚¹100.31 (-11.23%)
2026,Waterways Leisure Tourism,"CORDELIA, 544802",1-Jul-26,ג‚¹585.00 Cr,1.53x,ג‚¹-51,ג‚¹808.00,ג‚¹757,ג‚¹500.00 (-38.12%),ג‚¹668.10 (-17.31%),ג‚¹862.1 (6.7%)
2026,Advit Jewels,"RAMBHAJO, 544803",1-Jul-26,ג‚¹165.16 Cr,212.63x,ג‚¹49.5,ג‚¹138.00,ג‚¹187.5,ג‚¹190.00 (37.68%),ג‚¹179.46 (30.04%),ג‚¹178.98 (29.7%)
2026,Turtlemint Fintech Solutions,"TURTLEMINT, 544799",29-Jun-26,ג‚¹882.67 Cr,1.24x,ג‚¹-5,ג‚¹152.00,ג‚¹147,ג‚¹134.90 (-11.25%),ג‚¹135.40 (-10.92%),ג‚¹136.78 (-10.01%)
2026,Hexagon Nutrition,"HEXAGON, 544785",12-Jun-26,ג‚¹138.87 Cr,53.68x,ג‚¹2.75,ג‚¹45.00,ג‚¹47.75,ג‚¹48.25 (7.22%),ג‚¹53.19 (18.20%),ג‚¹71.75 (59.44%)
2026,CMR Green Technologies,"CMRGREEN, 544777",10-Jun-26,ג‚¹630.62 Cr,127.07x,ג‚¹66.5,ג‚¹192.00,ג‚¹258.5,ג‚¹268 (39.58%),ג‚¹247.90 (29.11%),ג‚¹223.5 (16.41%)
2026,Bagmane REIT,"BAGMANE, 544758",14-May-26,ג‚¹3405.00 Cr,24.96x,ג‚¹4,ג‚¹100.00,ג‚¹104,ג‚¹103.50 (3.50%),ג‚¹103.66 (3.66%),ג‚¹103.47 (3.47%)
2026,OnEMI Technology,"KISSHT, 544754",8-May-26,ג‚¹925.92 Cr,9.96x,ג‚¹18,ג‚¹171.00,ג‚¹189,ג‚¹190.00 (11.11%),ג‚¹208.63 (22.01%),ג‚¹320.8 (87.6%)
2026,Citius Transnet InvIT,"CITIUSINVT, 544753",29-Apr-26,ג‚¹1105.00 Cr,20.43x,ג‚¹3.5,ג‚¹100.00,ג‚¹103.5,ג‚¹104.60 (4.60%),ג‚¹106.23 (6.23%),ג‚¹107.9 (7.9%)
2026,Propshare Celestia,544752,24-Apr-26,ג‚¹244.65 Cr,1.33x,ג‚¹0,ג‚¹1050000.00,,ג‚¹999900.01 (-4.77%),ג‚¹1035000.00 (-1.43%),ג‚¹1013501.01 (-3.48%)
2026,Om Power Transmission,"OMPOWER, 544750",17-Apr-26,ג‚¹150.06 Cr,3.33x,ג‚¹2,ג‚¹175.00,ג‚¹177,ג‚¹178.00 (1.71%),ג‚¹193.38 (10.50%),ג‚¹176.16 (0.66%)
2026,Sai Parenteral's,"SAIPARENT, 544742",2-Apr-26,ג‚¹408.79 Cr,1.08x,ג‚¹0,ג‚¹392.00,ג‚¹392,ג‚¹400.00 (2.04%),ג‚¹406.40 (3.67%),ג‚¹588.1 (50.03%)
2026,Amir Chand Jagdish Kumar,"AMIRCHAND, 544743",2-Apr-26,ג‚¹440.00 Cr,3.41x,ג‚¹3.5,ג‚¹212.00,ג‚¹215.5,ג‚¹200.00 (-5.66%),ג‚¹180.00 (-15.09%),ג‚¹177.11 (-16.46%)
2026,Powerica,"POWERICA, 544744",2-Apr-26,ג‚¹1100.00 Cr,1.53x,ג‚¹7,ג‚¹395.00,ג‚¹402,ג‚¹366.00 (-7.34%),ג‚¹390.00 (-1.27%),ג‚¹567.25 (43.61%)
2026,Central Mine Planning,"CMPDI, 544739",30-Mar-26,ג‚¹1841.45 Cr,1.05x,ג‚¹5,ג‚¹172.00,ג‚¹177,ג‚¹160.00 (-6.98%),ג‚¹154.06 (-10.43%),ג‚¹267 (55.23%)
2026,GSP Crop Science,"GSPCROP, 544733",24-Mar-26,ג‚¹400.00 Cr,1.64x,ג‚¹2,ג‚¹320.00,ג‚¹322,ג‚¹328.00 (2.50%),ג‚¹356.25 (11.33%),ג‚¹410.75 (28.36%)
2026,Raajmarg Infra Investment Trust,"RIIT, 544734",24-Mar-26,ג‚¹6000.00 Cr,13.74x,ג‚¹3.5,ג‚¹100.00,ג‚¹3.5,ג‚¹107.00 (7.00%),ג‚¹106.83 (6.83%),ג‚¹116.62 (16.62%)
2026,Innovision,"INNOVISION, 544732",23-Mar-26,ג‚¹319.25 Cr,3.46x,ג‚¹-92,ג‚¹519.00,ג‚¹427,ג‚¹467.70 (-9.88%),ג‚¹374.20 (-27.90%),ג‚¹289.3 (-44.26%)
2026,Rajputana Stainless,"RSL, 544731",19-Mar-26,ג‚¹254.98 Cr,1.12x,ג‚¹3,ג‚¹122.00,ג‚¹125,ג‚¹122.00 (0.00%),ג‚¹113.03 (-7.35%),ג‚¹129.15 (5.86%)
2026,SEDEMAC Mechatronics,"SEDEMAC, 544723",11-Mar-26,ג‚¹1087.35 Cr,2.68x,ג‚¹0,ג‚¹1352.00,ג‚¹1352,ג‚¹1535.00 (13.54%),ג‚¹1452.10 (7.40%),ג‚¹2745.4 (103.06%)
2026,Omnitech Engineering,"OMNI, 544720",5-Mar-26,ג‚¹583.00 Cr,1.2x,ג‚¹0,ג‚¹227.00,ג‚¹227,ג‚¹202.00 (-11.01%),ג‚¹205.15 (-9.63%),ג‚¹523.25 (130.51%)
2026,PNGS Reva Diamond Jewellery,"PNGSREVA, 544718",4-Mar-26,ג‚¹379.52 Cr,1.3x,ג‚¹-20,ג‚¹386.00,ג‚¹366,ג‚¹375 (-2.85%),ג‚¹413.95 (7.24%),ג‚¹421.5 (9.2%)
2026,Clean Max Enviro Energy Solutions,"CLEANMAX, 544717",2-Mar-26,ג‚¹3079.88 Cr,0.99x,ג‚¹-35,ג‚¹1053.00,ג‚¹1018,ג‚¹960.00 (-8.83%),ג‚¹867.90 (-17.58%),ג‚¹1339.6 (27.22%)
2026,Shree Ram Twistex,"SRTL, 544716",2-Mar-26,ג‚¹110.24 Cr,43.66x,ג‚¹-28,ג‚¹104.00,ג‚¹76,ג‚¹68.00 (-34.62%),ג‚¹73.45 (-29.38%),ג‚¹39.53 (-61.99%)
2026,Gaudium IVF,"GAUDIUMIVF, 544709",27-Feb-26,ג‚¹165.00 Cr,7.27x,ג‚¹0,ג‚¹79.00,ג‚¹79,ג‚¹83.00 (5.06%),ג‚¹80.48 (1.87%),ג‚¹124.27 (57.3%)
2026,Aye Finance,"AYE, 544699",16-Feb-26,ג‚¹1010.00 Cr,1.04x,ג‚¹-2,ג‚¹129.00,ג‚¹127,ג‚¹129.00 (0.00%),ג‚¹128.91 (-0.07%),ג‚¹168.82 (30.87%)
2026,Fractal Analytics,"FRACTAL, 544700",16-Feb-26,ג‚¹2833.90 Cr,2.81x,ג‚¹-28,ג‚¹900.00,ג‚¹872,ג‚¹876.00 (-2.67%),ג‚¹847.40 (-5.84%),ג‚¹847.55 (-5.83%)
2026,Shadowfax Technologies,"SHADOWFAX, 544685",28-Jan-26,ג‚¹1907.27 Cr,2.86x,ג‚¹-3.5,ג‚¹124.00,ג‚¹120.5,ג‚¹112.60 (-9.19%),ג‚¹109.98 (-11.31%),ג‚¹228.13 (83.98%)
2026,Amagi Media Labs,"AMAGI, 544679",21-Jan-26,ג‚¹1788.62 Cr,30.24x,ג‚¹-1,ג‚¹361.00,ג‚¹360,ג‚¹318.00 (-11.91%),ג‚¹348.25 (-3.53%),ג‚¹580.2 (60.72%)
2026,Bharat Coking Coal,"BHARATCOAL, 544678",19-Jan-26,ג‚¹1068.78 Cr,143.85x,ג‚¹18.5,ג‚¹23.00,ג‚¹41.5,ג‚¹45.00 (95.65%),ג‚¹40.66 (76.78%),ג‚¹37.56 (63.3%)
