company,pdf_url,sebi_title,doc_type,match_score,status
Prince Pipes & Fittings Ltd.,,PRINCE PIPES AND FITTINGS LIMITED,RHP,100.0,matched_no_pdf_url
Manaksia Ltd.,,Manaksia Limited,RHP,100.0,matched_no_pdf_url
Ujjivan Small Finance Bank Ltd.,,Ujjivan Small Finance Bank,RHP,100.0,matched_no_pdf_url
CSB Bank Ltd.,,CSB Bank Limited,RHP,100.0,matched_no_pdf_url
Precision Pipes & Profiles Co.Ltd.,,Precision Pipes and Profiles Company Limited,RHP,87.27272727272728,matched_no_pdf_url
Vishwaraj Sugar Industries Ltd.,,Vishwaraj Sugar Industries Limited,RHP,100.0,matched_no_pdf_url
Indian Railway Catering & Tourism Corp.Ltd.,,Indian Railway Catering and Tourism Corporation Limited,RHP,93.93939393939394,matched_no_pdf_url
Sterling & Wilson Solar Ltd.,https://www.sebi.gov.in/sebi_data/attachdocs/may-2023/1683087803995.pdf,Red Herring Prospectus of Sterling and Wilson Solar Limited,RHP,100.0,matched
Spandana Sphoorty Financial Ltd.,,Spandana Sphoorty Financial Limited,RHP,100.0,matched_no_pdf_url
Affle (India) Ltd.,,Affle (India) Limited - Red Hearing Prospectus,RHP,100.0,matched_no_pdf_url
IndiaMART InterMESH Ltd.,,Corrigendum to IndiaMART InterMESH Ltd  RHP,RHP,100.0,matched_no_pdf_url
Barak Valley Cements Ltd.,,Prospectus  -Barak Valley Cements Limited,RHP,100.0,matched_no_pdf_url
Neogen Chemicals Ltd.,,NEOGEN CHEMICALS LIMITED,RHP,100.0,matched_no_pdf_url
Polycab India Ltd.,,Polycab India Limited,RHP,100.0,matched_no_pdf_url
Metropolis Healthcare Ltd.,,Corrigendum to Metropolis healthcare Ltd – RHP,RHP,100.0,matched_no_pdf_url
Rail Vikas Nigam Ltd.,,RAIL VIKAS NIGAM LIMITED,RHP,100.0,matched_no_pdf_url
MSTC Ltd.,,MSTC Ltd- Price Band Revision Advertiement,RHP,100.0,matched_no_pdf_url
Chalet Hotels Ltd.,,Chalet Hotels Limited,RHP,100.0,matched_no_pdf_url
Xelpmoc Design & Tech Ltd.,,Xelpmoc Design and Tech Limited,RHP,100.0,matched_no_pdf_url
Mrs.Bectors Food Specialities Ltd.,https://www.sebi.gov.in/sebi_data/attachdocs/apr-2023/1681729705036.pdf,Mrs. Bectors Food Specialities Limited,RHP,100.0,matched
Burger King India Ltd.,,Burger King India Ltd. - Addendum to RHP,RHP,100.0,matched_no_pdf_url
Gland Pharma Ltd.,,RHP of Gland Pharma Limited,RHP,100.0,matched_no_pdf_url
Equitas Small Finance Bank Ltd.,,Equitas Small Finance Bank Limited,RHP,100.0,matched_no_pdf_url
Likhitha Infrastructure Ltd.,,Addendum - Likhitha Infrastructure Ltd,RHP,100.0,matched_no_pdf_url
UTI Asset Management Co.Ltd.,,UTI Asset Management Company Limited,RHP,85.1063829787234,matched_no_pdf_url
Mazagon Dock Shipbuilders Ltd.,,Mazagon Dock Shipbuilders Limited,RHP,100.0,matched_no_pdf_url
Angel Broking Ltd.,,Angel Broking Limited,RHP,100.0,matched_no_pdf_url
Computer Age Management Services Ltd.,,Computer Age Management Services Limited - Addendum to RHP,RHP,100.0,matched_no_pdf_url
Chemcon Speciality Chemicals Ltd.,,Chemcon Speciality Chemicals Limited,RHP,100.0,matched_no_pdf_url
Route Mobile Ltd.,https://www.sebi.gov.in/sebi_data/attachdocs/may-2023/1683095189299.pdf,Route Mobile Ltd.,RHP,100.0,matched
Happiest Minds Technologies Ltd.,https://www.sebi.gov.in/sebi_data/attachdocs/may-2023/1684485231010.pdf,Happiest Minds Technologies Ltd,RHP,100.0,matched
Rossari Biotech Ltd.,https://www.sebi.gov.in/sebi_data/attachdocs/apr-2023/1681365066939.pdf,Rossari Biotech Ltd.,RHP,100.0,matched
SBI Cards & Payment Services Ltd.,,SBI Cards and Payment Services Limited,RHP,100.0,matched_no_pdf_url
CMS Info Systems Ltd.,,CMS Info Systems Limited,RHP,100.0,matched_no_pdf_url
Supriya Lifescience Ltd.,https://www.sebi.gov.in/sebi_data/attachdocs/may-2023/1683089206730.pdf,Supiya Lifescience Limited - RHP,RHP,100.0,matched
HP Adhesives Ltd.,,HP Adhesives Limited,RHP,100.0,matched_no_pdf_url
Data Patterns (India) Ltd.,https://www.sebi.gov.in/sebi_data/attachdocs/may-2023/1684483767956.pdf,Data Patterns (India) Limited,RHP,100.0,matched
Medplus Health Services Ltd.,https://www.sebi.gov.in/sebi_data/attachdocs/apr-2023/1681883337907.pdf,MedPlus Health Services Limited,RHP,100.0,matched
Metro Brands Ltd.,https://www.sebi.gov.in/sebi_data/attachdocs/apr-2023/1681886036242.pdf,Metro Brands Limited,RHP,100.0,matched
C.E.Info systems Ltd.,https://www.sebi.gov.in/sebi_data/attachdocs/apr-2023/1682059862110.pdf,C.E. Info Systems Limited,RHP,100.0,matched
Shriram Properties Ltd.,https://www.sebi.gov.in/sebi_data/attachdocs/apr-2023/1681819012041.pdf,Shriram Properties Limited,RHP,100.0,matched
Rategain Travel Technologies Ltd.,,Rategain Travel Technologies Limited,RHP,100.0,matched_no_pdf_url
Anand Rathi Wealth Ltd.,https://www.sebi.gov.in/sebi_data/attachdocs/nov-2021/1638248028317.pdf,Anand Rathi Wealth Limited - RHP,RHP,100.0,matched
Tega Industries Ltd.,https://www.sebi.gov.in/sebi_data/attachdocs/apr-2023/1681883027230.pdf,Tega Industries Limited - RHP,RHP,100.0,matched
Star Health & Allied Insurance Co.Ltd.,,Star Health and Allied Insurance Company Limited - Addendum to RHP,RHP,88.88888888888889,matched_no_pdf_url
Go Fashion (India) Ltd.,https://www.sebi.gov.in/sebi_data/attachdocs/may-2023/1685435194483.pdf,Go Fashion (India) Limited,RHP,100.0,matched
Tarsons Products Ltd.,https://www.sebi.gov.in/sebi_data/attachdocs/may-2023/1683090785044.pdf,Tarsons Products Limited,RHP,100.0,matched
Latent View Analytics Ltd.,https://www.sebi.gov.in/sebi_data/attachdocs/apr-2023/1681883805652.pdf,Latent View Analytics Limited,RHP,100.0,matched
One 97 Communications Ltd.,,One 97 Communications Limited,RHP,100.0,matched_no_pdf_url
Sapphire Foods India Ltd.,,Sapphire Foods India Limited,RHP,100.0,matched_no_pdf_url
S.J.S.Enterprises Ltd.,https://www.sebi.gov.in/sebi_data/attachdocs/apr-2023/1681881781752.pdf,SJS Enterprises Ltd - RHP,RHP,93.33333333333333,matched
Sigachi Industries Ltd.,,Sigachi Industries Ltd,RHP,100.0,matched_no_pdf_url
PB Fintech Ltd.,,PB Fintech Limited - RHP,RHP,100.0,matched_no_pdf_url
Fino Payments Bank Ltd.,,Fino Payments Bank Limited,RHP,100.0,matched_no_pdf_url
FSN E-Commerce Ventures Ltd.,,FSN E-Commerce Ventures Limited- RHP,RHP,100.0,matched_no_pdf_url
Aditya Birla Sun Life AMC Ltd.,,Aditya Birla Sun Life AMC Limited - RHP,RHP,100.0,matched_no_pdf_url
Paras Defence & Space Technologies Ltd.,https://www.sebi.gov.in/sebi_data/attachdocs/jun-2023/1687843959275.pdf,Paras Defence and Space Technologies Limited,RHP,100.0,matched
Sansera Engineering Ltd.,https://www.sebi.gov.in/sebi_data/attachdocs/may-2023/1683091301745.pdf,Sansera Engineering Limited - RHP,RHP,100.0,matched
Ami Organics Ltd.,https://www.sebi.gov.in/sebi_data/attachdocs/jun-2023/1687843626729.pdf,Ami Organics Limited,RHP,100.0,matched
Vijaya Diagnostic Centre Ltd.,https://www.sebi.gov.in/sebi_data/attachdocs/may-2023/1683095445970.pdf,Vijaya Diagnostic Centre Limited,RHP,100.0,matched
Aptus Value Housing Finance India Ltd.,https://www.sebi.gov.in/sebi_data/attachdocs/may-2023/1683611841074.pdf,APTUS Value Housing Finance India Ltd.,RHP,100.0,matched
Chemplast Sanmar Ltd.,,Chemplast Sanmar Limited,RHP,100.0,matched_no_pdf_url
Nuvoco Vistas Corp.Ltd.,https://www.sebi.gov.in/sebi_data/attachdocs/may-2023/1684486615811.pdf,Nuvoco Vistas Corporation Limited,RHP,100.0,matched
CarTrade Tech Ltd.,,Cartrade Tech Limited - RHP,RHP,100.0,matched_no_pdf_url
Krsnaa Diagnostics Ltd.,https://www.sebi.gov.in/sebi_data/attachdocs/aug-2021/1628233816558.pdf,Krsnaa Diagnostics Ltd. - Corrigendum to RHP,RHP,100.0,matched
Devyani International Ltd.,,Devyani International Limited - Addendum to RHP,RHP,100.0,matched_no_pdf_url
Exxaro Tiles Ltd.,,Exxaro Tiles limited,RHP,100.0,matched_no_pdf_url
Windlas Biotech Ltd.,https://www.sebi.gov.in/sebi_data/attachdocs/apr-2023/1681728617092.pdf,Windlas Biotech Limited,RHP,100.0,matched
Rolex Rings Ltd.,,Rolex Rings Ltd - corrigendum to the RHP,RHP,100.0,matched_no_pdf_url
Glenmark Life Sciences Ltd.,,Glenmark Life Sciences Limited,RHP,100.0,matched_no_pdf_url
Tatva Chintan Pharma Chem Ltd.,,TATVA CHINTAN PHARMA CHEM LIMITED – CORRIGENDUM,RHP,100.0,matched_no_pdf_url
Zomato Ltd.,,Zomato Limited - Addendum to RHP,RHP,100.0,matched_no_pdf_url
G R Infraprojects Ltd.,,G R Infraprojects Limited,RHP,100.0,matched_no_pdf_url
Clean Science & Technology Ltd.,https://www.sebi.gov.in/sebi_data/attachdocs/apr-2023/1681818573986.pdf,Clean Science and Technology Ltd.,RHP,100.0,matched
India Pesticides Ltd.,https://www.sebi.gov.in/sebi_data/attachdocs/apr-2023/1681360339740.PDF,India Pesticides Limited,RHP,100.0,matched
Dodla Dairy Ltd.,https://www.sebi.gov.in/sebi_data/attachdocs/may-2023/1683611332609.pdf,Dodla Dairy Limited,RHP,100.0,matched
Krishna Institute of Medical Sciences Ltd.,,Krishna institute of medical sciences limited RHP,RHP,100.0,matched_no_pdf_url
Shyam Metalics & Energy Ltd.,https://www.sebi.gov.in/sebi_data/attachdocs/may-2023/1683088318544.pdf,Shyam Metalics and Energy Limited - RHP,RHP,100.0,matched
Sona BLW Precision Forgings Ltd.,,Sona BLW Precision Forgings Ltd - RHP,RHP,100.0,matched_no_pdf_url
Macrotech Developers Ltd.,,Macrotech Developers Limited - Corrigendum to RHP,RHP,100.0,matched_no_pdf_url
Barbeque-Nation Hospitality Ltd.,,Barbeque Nation Hospitality Limited - Addendum to RHP,RHP,100.0,matched_no_pdf_url
Nazara Technologies Ltd.,https://www.sebi.gov.in/sebi_data/attachdocs/may-2023/1684484433171.pdf,Nazara Technologies Limited - RHP,RHP,100.0,matched
Kalyan Jewellers India Ltd.,https://www.sebi.gov.in/sebi_data/attachdocs/apr-2023/1681362757510.pdf,Kalyan Jewellers India Limited - Red Herring Prospectus,RHP,100.0,matched
Suryoday Small Finance Bank Ltd.,https://www.sebi.gov.in/sebi_data/attachdocs/apr-2023/1681362005460.pdf,Suryoday Small Finance Bank Limited - RHP,RHP,100.0,matched
Craftsman Automation Ltd.,,Craftsman Automation Limited - Addendum to RHP,RHP,100.0,matched_no_pdf_url
Laxmi Organic Industries Ltd.,https://www.sebi.gov.in/sebi_data/attachdocs/apr-2023/1681361654933.pdf,Laxmi Organic Industries Limited - RHP,RHP,100.0,matched
Anupam Rasayan India Ltd.,https://www.sebi.gov.in/sebi_data/attachdocs/apr-2023/1681360758117.pdf,Anupam Rasayan India Limited - RHP,RHP,100.0,matched
Easy Trip Planners Ltd.,https://www.sebi.gov.in/sebi_data/attachdocs/apr-2023/1681211978007.pdf,Easy Trip Planners Limited- Red Herring Prospectus,RHP,100.0,matched
MTAR Technologies Ltd.,https://www.sebi.gov.in/sebi_data/attachdocs/may-2023/1684480176100.pdf,MTAR Technologies Ltd,RHP,100.0,matched
Heranba Industries Ltd.,,Heranba Industries Limited,RHP,100.0,matched_no_pdf_url
RailTel Corp.of India Ltd.,,Railtel Corporation of India Limited - Red Herring Prospectus,RHP,86.48648648648648,matched_no_pdf_url
Nureca Ltd.,https://www.sebi.gov.in/sebi_data/attachdocs/apr-2023/1681727486420.pdf,Nureca Limited,RHP,100.0,matched
Stove Kraft Ltd.,https://www.sebi.gov.in/sebi_data/attachdocs/jun-2023/1687844278597.pdf,Stove Kraft Limited - RHP,RHP,100.0,matched
Home First Finance Co.India Ltd.,,Home First Finance Company India Limited - Corrigendum,RHP,94.11764705882354,matched_no_pdf_url
Indigo Paints Ltd.,,Indigo Paints Limited,RHP,100.0,matched_no_pdf_url
Indian Railway Finance Corp.Ltd.,,Indian Railway Finance Corporation Limited,RHP,100.0,matched_no_pdf_url
Antony Waste Handling Cell Ltd.,,Corrigendum to the RHP of Antony Waste Handling Cell Ltd.,RHP,100.0,matched_no_pdf_url
Elin Electronics Ltd.,https://www.sebi.gov.in/sebi_data/attachdocs/apr-2023/1682057466538.pdf,Elin Electronics Limited – RHP,RHP,100.0,matched
KFin Technologies Ltd.,https://www.sebi.gov.in/sebi_data/attachdocs/dec-2022/1671531019061.pdf,Kfin Technologies Limited-Corrigendum cum addendum,RHP,100.0,matched
Abans Holdings Ltd.,https://www.sebi.gov.in/sebi_data/attachdocs/dec-2022/1670404259679.pdf,Abans Holdings Limited - RHP,RHP,100.0,matched
Landmark Cars Ltd.,https://www.sebi.gov.in/sebi_data/attachdocs/dec-2022/1672221689408.PDF,Landmark Cars Limited - Addendum to RHP,RHP,100.0,matched
Sula Vineyards Ltd.,https://www.sebi.gov.in/sebi_data/attachdocs/dec-2022/1670394389433.PDF,Sula Vineyards Limited - RHP,RHP,100.0,matched
Uniparts India Ltd.,https://www.sebi.gov.in/sebi_data/attachdocs/dec-2022/1669878145006.pdf,Uniparts India Limited - Corrigendum to RHP,RHP,100.0,matched
Dharmaj Crop Guard Ltd.,https://www.sebi.gov.in/sebi_data/attachdocs/nov-2022/1669177261427.PDF,Dharmaj Crop Guard Limited - Red Herring Prospectus,RHP,100.0,matched
Keystone Realtors Ltd.,https://www.sebi.gov.in/sebi_data/attachdocs/nov-2022/1667969623175.PDF,Keystone Realtors Limited - RHP,RHP,100.0,matched
Inox Green Energy Services Ltd.,https://www.sebi.gov.in/sebi_data/attachdocs/nov-2022/1668407786967.pdf,Inox Green Energy Services Limited – Addendum to RHP,RHP,100.0,matched
Kaynes Technology India Ltd.,https://www.sebi.gov.in/sebi_data/attachdocs/nov-2022/1668073899409.pdf,Kaynes Technology India Limited- Addendum to RHP,RHP,100.0,matched
Archean Chemical Industries Ltd.,https://www.sebi.gov.in/sebi_data/attachdocs/nov-2022/1667459494353.pdf,Archean Chemical Industries Limited - RHP,RHP,100.0,matched
Five-Star Business Finance Ltd.,https://www.sebi.gov.in/sebi_data/attachdocs/may-2023/1684485917843.pdf,Five-star Business Finance Limited - RHP,RHP,100.0,matched
Global Health Ltd.,https://www.sebi.gov.in/sebi_data/attachdocs/oct-2022/1666844688219.pdf,Global Health Limited IPO - Red Herring Prospectus,RHP,100.0,matched
Bikaji Foods International Ltd.,https://www.sebi.gov.in/sebi_data/attachdocs/oct-2022/1666957499627.pdf,Bikaji Foods International  Limited - RHP,RHP,100.0,matched
Fusion Micro Finance Ltd.,https://www.sebi.gov.in/sebi_data/attachdocs/nov-2022/1667384177745.pdf,Corrigendum to RHP of Fusion Micro Finance Limited,RHP,100.0,matched
DCX Systems Ltd.,https://www.sebi.gov.in/sebi_data/attachdocs/oct-2022/1667205682073.pdf,DCX Systems Limited - Addendum to RHP,RHP,100.0,matched
Tracxn Technologies Ltd.,https://www.sebi.gov.in/sebi_data/attachdocs/oct-2022/1665033814820.PDF,Tracxn Technologies Limited,RHP,100.0,matched
Electronics Mart India Ltd.,https://www.sebi.gov.in/sebi_data/attachdocs/apr-2023/1681726858925.PDF,Electronics Mart India Limited,RHP,100.0,matched
Harsha Engineers International Ltd.,https://www.sebi.gov.in/sebi_data/attachdocs/sep-2022/1663144942821.pdf,Harsha Engineers International Limited - Corrigendum to RHP,RHP,100.0,matched
Tamilnad Mercantile Bank Ltd.,https://www.sebi.gov.in/sebi_data/attachdocs/aug-2022/1661859687669.pdf,Tamilnad Mercantile Bank Ltd - RHP,RHP,100.0,matched
Dreamfolks Services Ltd.,https://www.sebi.gov.in/sebi_data/attachdocs/aug-2022/1661165781929.pdf,Corrigendum to RHP- Dreamfolks Services Limited,RHP,100.0,matched
Syrma SGS Technology Ltd.,https://www.sebi.gov.in/sebi_data/attachdocs/aug-2022/1659936753703.pdf,Syrma SGS Technology Ltd.,RHP,100.0,matched
Aether Industries Ltd.,https://www.sebi.gov.in/sebi_data/attachdocs/may-2022/1652869529567.pdf,Aether Industries Limited,RHP,100.0,matched
eMudhra Ltd.,https://www.sebi.gov.in/sebi_data/attachdocs/may-2022/1652437163160.pdf,eMudhra Limited,RHP,100.0,matched
Ethos Ltd.,https://www.sebi.gov.in/sebi_data/attachdocs/may-2022/1652357227102.pdf,Ethos Limited-Prospectus,RHP,100.0,matched
Paradeep Phosphates Ltd.,https://www.sebi.gov.in/sebi_data/attachdocs/may-2022/1652258502546.PDF,Paradeep Phosphates Limited - Red Herring Prospectus,RHP,100.0,matched
Delhivery Ltd.,https://www.sebi.gov.in/sebi_data/attachdocs/may-2022/1651645124537.pdf,Delhivery Limited,RHP,100.0,matched
Venus Pipes & Tubes Ltd.,https://www.sebi.gov.in/sebi_data/attachdocs/mar-2023/1680236743532.pdf,Venus Pipes and Tubes Limited - Red Herring Prospectus,RHP,100.0,matched
Prudent Corporate Advisory Services Ltd.,https://www.sebi.gov.in/sebi_data/attachdocs/may-2023/1683093538507.pdf,Prudent Corporate Advisory Services Limited - Red Herring Prospectus,RHP,100.0,matched
Life Insurance Corp.of India,https://www.sebi.gov.in/sebi_data/attachdocs/apr-2022/1651036586707.PDF,Life Insurance Corporation of India,RHP,90.19607843137254,matched
Rainbow Children's Medicare Ltd.,https://www.sebi.gov.in/sebi_data/attachdocs/apr-2022/1650514777342.pdf,Rainbow Childrens Medicare Limited,RHP,98.11320754716981,matched
Campus Activewear Ltd.,https://www.sebi.gov.in/sebi_data/attachdocs/apr-2022/1650446913539.PDF,Campus Activewear Limited,RHP,100.0,matched
Hariom Pipe Industries Ltd.,https://www.sebi.gov.in/sebi_data/attachdocs/apr-2023/1681727051885.pdf,Hariom Pipe Industries Limited,RHP,100.0,matched
Veranda Learning Solutions Ltd.,https://www.sebi.gov.in/sebi_data/attachdocs/apr-2023/1681124773655.pdf,Veranda Learning Solutions Ltd,RHP,100.0,matched
Uma Exports Ltd.,https://www.sebi.gov.in/sebi_data/attachdocs/mar-2022/1647946195230.PDF,Uma Exports Limited,RHP,100.0,matched
Vedant Fashions Ltd.,,Vedant Fashions Ltd-2nd Addendum to RHP,RHP,100.0,matched_no_pdf_url
Adani Wilmar Ltd.,,Adani Wilmar Limited,RHP,100.0,matched_no_pdf_url
AGS Transact Technologies Ltd.,https://www.sebi.gov.in/sebi_data/attachdocs/may-2023/1683612146195.pdf,AGS Transact Technologies Limited,RHP,100.0,matched
Innova Captab Ltd.,https://www.sebi.gov.in/sebi_data/attachdocs/dec-2023/1703148958794.pdf,Innova Captab Limited - Addendum to RHP,RHP,100.0,matched
Azad Engineering Ltd.,https://www.sebi.gov.in/sebi_data/attachdocs/dec-2023/1702623912451.PDF,Azad Engineering Limited - RHP,RHP,100.0,matched
RBZ Jewellers Ltd.,https://www.sebi.gov.in/sebi_data/attachdocs/dec-2023/1702470627782.pdf,RBZ Jewellers Limited - RHP,RHP,100.0,matched
Credo Brands Marketing Ltd.,https://www.sebi.gov.in/sebi_data/attachdocs/dec-2023/1702530365688.pdf,Credo Brands Marketing Limited - RHP,RHP,100.0,matched
Happy Forgings Ltd.,https://www.sebi.gov.in/sebi_data/attachdocs/dec-2023/1702375297544.pdf,Happy Forgings Limited - RHP,RHP,100.0,matched
Muthoot Microfin Ltd.,https://www.sebi.gov.in/sebi_data/attachdocs/dec-2023/1702530401925.pdf,Muthoot Microfin Limited - RHP,RHP,100.0,matched
Motisons Jewellers Ltd.,https://www.sebi.gov.in/sebi_data/attachdocs/dec-2023/1702278360778.pdf,Motisons Jewellers Limited - RHP,RHP,100.0,matched
Suraj Estate Developers Ltd.,https://www.sebi.gov.in/sebi_data/attachdocs/dec-2023/1702032710570.PDF,Suraj Estate Developers Limited - RHP,RHP,100.0,matched
Inox India Ltd.,https://www.sebi.gov.in/sebi_data/attachdocs/dec-2023/1702445245405.PDF,Inox India Limited - RHP,RHP,100.0,matched
India Shelter Finance Corp.Ltd.,https://www.sebi.gov.in/sebi_data/attachdocs/dec-2023/1702033205783.PDF,India Shelter Finance Corporation Limited - RHP,RHP,100.0,matched
DOMS Industries Ltd.,https://www.sebi.gov.in/sebi_data/attachdocs/dec-2023/1701689941844.pdf,DOMS Industries Limited - RHP,RHP,100.0,matched
Flair Writing Industries Ltd.,https://www.sebi.gov.in/sebi_data/attachdocs/nov-2023/1700224103192.pdf,Flair Writing Industries Limited - RHP,RHP,100.0,matched
Tata Technologies Ltd.,https://www.sebi.gov.in/sebi_data/attachdocs/nov-2023/1700031801352.pdf,Tata Technologies Limited - RHP,RHP,100.0,matched
Gandhar Oil Refinery (India) Ltd.,https://www.sebi.gov.in/sebi_data/attachdocs/nov-2023/1700135458197.pdf,Gandhar Oil Refinery (India) Limited - RHP,RHP,100.0,matched
Fedbank Financial Services Ltd.,https://www.sebi.gov.in/sebi_data/attachdocs/dec-2023/1701772458961.pdf,Fedbank Financial Services Limited - Addendum to RHP,RHP,100.0,matched
Indian Renewable Energy Development Agency Ltd.,https://www.sebi.gov.in/sebi_data/attachdocs/nov-2023/1699876097528.pdf,Indian Renewable Energy Development Agency Limited - RHP,RHP,100.0,matched
ASK Automotive Ltd.,https://www.sebi.gov.in/sebi_data/attachdocs/oct-2023/1698726708687.PDF,ASK Automotive Limited - RHP,RHP,100.0,matched
Protean eGov Technologies Ltd.,https://www.sebi.gov.in/sebi_data/attachdocs/nov-2023/1698832846735.PDF,Protean eGOV Technologies Limited - RHP,RHP,100.0,matched
ESAF Small Finance Bank Ltd.,https://www.sebi.gov.in/sebi_data/attachdocs/oct-2023/1698753754460.pdf,ESAF Small Finance Bank Limited - corrigendum to RHP,RHP,100.0,matched
Honasa Consumer Ltd.,https://www.sebi.gov.in/sebi_data/attachdocs/oct-2023/1698221034183.pdf,Honasa Consumer Limited - RHP,RHP,100.0,matched
Cello World Ltd.,https://www.sebi.gov.in/sebi_data/attachdocs/oct-2023/1698221152394.pdf,Cello World Limited - RHP,RHP,100.0,matched
Blue Jet Healthcare Ltd.,https://www.sebi.gov.in/sebi_data/attachdocs/oct-2023/1697624321093.PDF,Blue Jet Healthcare Limited - RHP,RHP,100.0,matched
IRM Energy Ltd.,https://www.sebi.gov.in/sebi_data/attachdocs/oct-2023/1697002122666.PDF,IRM Energy Limited - RHP,RHP,100.0,matched
Plaza Wires Ltd.,https://www.sebi.gov.in/sebi_data/attachdocs/oct-2023/1696332302444.PDF,Plaza Wires Limited - RHP,RHP,100.0,matched
Valiant Laboratories Ltd.,https://www.sebi.gov.in/sebi_data/attachdocs/sep-2023/1695373896705.pdf,Valiant Laboratories Limited - RHP,RHP,100.0,matched
Updater Services Ltd.,https://www.sebi.gov.in/sebi_data/attachdocs/sep-2023/1695203524052.PDF,Updater Services Limited - RHP,RHP,100.0,matched
JSW Infrastructure Ltd.,https://www.sebi.gov.in/sebi_data/attachdocs/sep-2023/1694665777392.pdf,JSW Infrastructure Limited - RHP,RHP,100.0,matched
Manoj Vaibhav Gems 'N' Jewellers Ltd.,https://www.sebi.gov.in/sebi_data/attachdocs/sep-2023/1694665689625.pdf,Manoj Vaibhav Gems N Jewellers Limited - RHP,RHP,100.0,matched
Yatra Online Ltd.,https://www.sebi.gov.in/sebi_data/attachdocs/sep-2023/1694433230975.pdf,Yatra Online Limited - RHP,RHP,100.0,matched
Sai Silks (Kalamandir) Ltd.,,Sai Silks (Kalamandir) Limited,RHP,100.0,matched_no_pdf_url
Signatureglobal (India) Ltd.,https://www.sebi.gov.in/sebi_data/attachdocs/sep-2023/1694596114578.pdf,Signatureglobal (India) Limited  - RHP,RHP,100.0,matched
SAMHI Hotels Ltd.,https://www.sebi.gov.in/sebi_data/attachdocs/sep-2023/1694433129750.pdf,Samhi Hotels Limited - RHP,RHP,100.0,matched
Zaggle Prepaid Ocean Services Ltd.,https://www.sebi.gov.in/sebi_data/attachdocs/sep-2023/1694433176755.pdf,Zaggle Prepaid Ocean Services Limited - RHP,RHP,100.0,matched
EMS Ltd.,https://www.sebi.gov.in/sebi_data/attachdocs/sep-2023/1693893613788.PDF,EMS Limited - RHP,RHP,100.0,matched
R R Kabel Ltd.,https://www.sebi.gov.in/sebi_data/attachdocs/sep-2023/1694153047019.PDF,R R Kabel Limited - RHP,RHP,100.0,matched
Jupiter Life Line Hospitals Ltd.,https://www.sebi.gov.in/sebi_data/attachdocs/sep-2023/1693540914808.pdf,Jupiter Lifeline Hospitals Limited - RHP,RHP,100.0,matched
Ratnaveer Precision Engineering Ltd.,https://www.sebi.gov.in/sebi_data/attachdocs/aug-2023/1693311018812.pdf,Ratnaveer Precision Engineering Limited - RHP,RHP,100.0,matched
Rishabh Instruments Ltd.,https://www.sebi.gov.in/sebi_data/attachdocs/aug-2023/1693289844543.PDF,Rishabh Instruments Limited - RHP,RHP,100.0,matched
Vishnu Prakash R.Punglia Ltd.,https://www.sebi.gov.in/sebi_data/attachdocs/aug-2023/1692609144412.PDF,Vishnu Prakash R Punglia Limited - RHP,RHP,100.0,matched
Aeroflex Industries Ltd.,https://www.sebi.gov.in/sebi_data/attachdocs/aug-2023/1691993364058.PDF,Aeroflex Industries Ltd - RHP,RHP,100.0,matched
Pyramid Technoplast Ltd.,https://www.sebi.gov.in/sebi_data/attachdocs/aug-2023/1691579095276.pdf,Pyramid Technoplast Limited - RHP,RHP,100.0,matched
TVS Supply Chain Solutions Ltd.,https://www.sebi.gov.in/sebi_data/attachdocs/aug-2023/1691137912214.PDF,TVS Supply Chain Solutions Limited - RHP,RHP,100.0,matched
Concord Biotech Ltd.,https://www.sebi.gov.in/sebi_data/attachdocs/jul-2023/1690775995930.pdf,Concord Biotech Limited - RHP,RHP,100.0,matched
SBFC Finance Ltd.,https://www.sebi.gov.in/sebi_data/attachdocs/jul-2023/1690800514733.pdf,SBFC Finance Limited - Addendum RHP,RHP,100.0,matched
Yatharth Hospital & Trauma Care Services Ltd.,https://www.sebi.gov.in/sebi_data/attachdocs/jul-2023/1689850580820.pdf,Yatharth Hospital & Trauma Care Services Limited - RHP,RHP,100.0,matched
Netweb Technologies India Ltd.,https://www.sebi.gov.in/sebi_data/attachdocs/jul-2023/1689162734070.PDF,Netweb Technologies India Limited - RHP,RHP,100.0,matched
Utkarsh Small Finance Bank Ltd.,https://www.sebi.gov.in/sebi_data/attachdocs/jul-2023/1688962965336.PDF,Utkarsh Small Finance Bank Limited - RHP,RHP,100.0,matched
Senco Gold Ltd.,https://www.sebi.gov.in/sebi_data/attachdocs/jun-2023/1687945732583.pdf,Senco Gold Limited - RHP,RHP,100.0,matched
Cyient DLM Ltd.,https://www.sebi.gov.in/sebi_data/attachdocs/jun-2023/1687325097609.PDF,Cyient DLM Limited - RHP,RHP,100.0,matched
ideaForge Technology Ltd.,https://www.sebi.gov.in/sebi_data/attachdocs/jun-2023/1688127836124.pdf,Ideaforge Technology Limited - Corigendum to RHP,RHP,100.0,matched
HMA Agro Industries Ltd.,https://www.sebi.gov.in/sebi_data/attachdocs/jun-2023/1687416655581.pdf,Addendum to RHP of HMA Agro Industries Limited,RHP,100.0,matched
IKIO Lighting Ltd.,https://www.sebi.gov.in/sebi_data/attachdocs/jun-2023/1686652368769.PDF,IKIO Lighting Limited - Corrigendum to RHP,RHP,100.0,matched
Mankind Pharma Ltd.,https://www.sebi.gov.in/sebi_data/attachdocs/apr-2023/1682325516195.pdf,Mankind Pharma Limited - RHP,RHP,100.0,matched
Avalon Technologies Ltd.,https://www.sebi.gov.in/sebi_data/attachdocs/mar-2023/1680235672451.pdf,Avalon Technologies Limited -  RHP,RHP,100.0,matched
Udayshivakumar Infra Ltd.,https://www.sebi.gov.in/sebi_data/attachdocs/mar-2023/1678786532713.pdf,Udayshivakumar Infra Limited - RHP,RHP,100.0,matched
Global Surfaces Ltd.,https://www.sebi.gov.in/sebi_data/attachdocs/feb-2023/1677585357130.pdf,Global Surfaces Limited - RHP,RHP,100.0,matched
Divgi TorqTransfer Systems Ltd.,https://www.sebi.gov.in/sebi_data/attachdocs/feb-2023/1677490260199.pdf,Divgi Torqtransfer Systems Limited - RHP,RHP,100.0,matched
Sah Polymers Ltd.,https://www.sebi.gov.in/sebi_data/attachdocs/dec-2022/1671772864112.PDF,Sah Polymers Limited - RHP,RHP,100.0,matched
Radiant Cash Management Services Ltd.,https://www.sebi.gov.in/sebi_data/attachdocs/apr-2023/1681729265572.PDF,Radiant Cash Management Services Limited - RHP,RHP,100.0,matched
Unimech Aerospace & Manufacturing Ltd.,https://www.sebi.gov.in/sebi_data/attachdocs/dec-2024/1734436010013.PDF,Unimech Aerospace and Manufacturing Limited - RHP,RHP,100.0,matched
Ventive Hospitality Ltd.,https://www.sebi.gov.in/sebi_data/attachdocs/dec-2024/1734351858229.pdf,Ventive Hospitality Limited - RHP,RHP,100.0,matched
Carraro India Ltd.,https://www.sebi.gov.in/sebi_data/attachdocs/feb-2025/1739254145562.pdf,Carraro India Limited - RHP,RHP,100.0,matched
Senores Pharmaceuticals Ltd.,https://www.sebi.gov.in/sebi_data/attachdocs/dec-2024/1734324745337.PDF,Senores Pharmaceuticals Limited - RHP,RHP,100.0,matched
Transrail Lighting Ltd.,https://www.sebi.gov.in/sebi_data/attachdocs/dec-2024/1733909890382.pdf,Transrail Lighting Limited - RHP,RHP,100.0,matched
Concord Enviro Systems Ltd.,https://www.sebi.gov.in/sebi_data/attachdocs/dec-2024/1734328148389.PDF,Concord Enviro Systems Limited - RHP,RHP,100.0,matched
Sanathan Textiles Ltd.,https://www.sebi.gov.in/sebi_data/attachdocs/may-2025/1747289539319.PDF,Sanathan Textiles Limited - Corrigendum to RHP,RHP,100.0,matched
DAM Capital Advisors Ltd.,https://www.sebi.gov.in/sebi_data/attachdocs/dec-2024/1734502212270.pdf,DAM Capital Advisors Limited - RHP,RHP,100.0,matched
Mamata Machinery Ltd.,https://www.sebi.gov.in/sebi_data/attachdocs/dec-2024/1734070649861.PDF,Mamata Machinery Limited - RHP,RHP,100.0,matched
International Gemmological Institute (India) Ltd.,https://www.sebi.gov.in/sebi_data/attachdocs/dec-2024/1734587813274.pdf,International Gemmological Institute (India) Limited - RHP,RHP,100.0,matched
Inventurus Knowledge Solutions Ltd.,https://www.sebi.gov.in/sebi_data/attachdocs/dec-2024/1733477534705.PDF,Inventurus Knowledge Solutions Limited- RHP,RHP,100.0,matched
Vishal Mega Mart Ltd.,https://www.sebi.gov.in/sebi_data/attachdocs/dec-2024/1733387815715.pdf,Vishal Mega Mart - Red Herring Prospectus,RHP,100.0,matched
Sai Life Sciences Ltd.,https://www.sebi.gov.in/sebi_data/attachdocs/dec-2024/1733459519815.PDF,Sai Life Sciences Limited - RHP,RHP,100.0,matched
One Mobikwik Systems Ltd.,https://www.sebi.gov.in/sebi_data/attachdocs/dec-2024/1733459692350.PDF,One Mobikwik Systems Limited - RHP Corrigendum,RHP,100.0,matched
Suraksha Diagnostic Ltd.,https://www.sebi.gov.in/sebi_data/attachdocs/dec-2024/1733219910746.pdf,Suraksha Diagnostic Limited-Corrigendum to RHP,RHP,100.0,matched
Enviro Infra Engineers Ltd.,https://www.sebi.gov.in/sebi_data/attachdocs/dec-2024/1733402104066.pdf,Enviro Infra Engineers Limited- RHP,RHP,100.0,matched
NTPC Green Energy Ltd.,https://www.sebi.gov.in/sebi_data/attachdocs/nov-2024/1731472004028.PDF,NTPC Green Energy Limited - RHP,RHP,100.0,matched
Zinka Logistics Solutions Ltd.,https://www.sebi.gov.in/sebi_data/attachdocs/nov-2024/1731409759538.PDF,Zinka Logistics Solutions Limited - RHP,RHP,100.0,matched
Niva Bupa Health Insurance Co.Ltd.,https://www.sebi.gov.in/sebi_data/attachdocs/nov-2024/1730699769714.pdf,Niva Bupa Health Insurance Company Limited - RHP,RHP,88.13559322033899,matched
Swiggy Ltd.,https://www.sebi.gov.in/sebi_data/attachdocs/oct-2024/1730365516085.pdf,Swiggy Limited - Addendum to RHP,RHP,100.0,matched
ACME Solar Holdings Ltd.,https://www.sebi.gov.in/sebi_data/attachdocs/oct-2024/1730285786121.pdf,Acme Solar Holdings Limited - RHP,RHP,100.0,matched
Sagility India Ltd.,https://www.sebi.gov.in/sebi_data/attachdocs/oct-2024/1730279716127.pdf,Sagility India Limited - RHP,RHP,100.0,matched
Afcons Infrastructure Ltd.,https://www.sebi.gov.in/sebi_data/attachdocs/oct-2024/1729760388747.pdf,Afcons Infrastructure Limited - Corrigendum to RHP,RHP,100.0,matched
Godavari Biorefineries Ltd.,https://www.sebi.gov.in/sebi_data/attachdocs/oct-2024/1729241444026.pdf,Godavari Biorefineries Limited - RHP,RHP,100.0,matched
Waaree Energies Ltd.,https://www.sebi.gov.in/sebi_data/attachdocs/oct-2024/1728986428790.pdf,Waaree Energies Limited- RHP,RHP,100.0,matched
Deepak Builders & Engineers India Ltd.,https://www.sebi.gov.in/sebi_data/attachdocs/oct-2024/1729049931333.pdf,Deepak Builders and Engineers India Limited - RHP,RHP,100.0,matched
Hyundai Motor India Ltd.,https://www.sebi.gov.in/sebi_data/attachdocs/oct-2024/1728898802128.PDF,Hyundai Motor India Limited - RHP,RHP,100.0,matched
Garuda Construction & Engineering Ltd.,https://www.sebi.gov.in/sebi_data/attachdocs/oct-2024/1727775469844.pdf,Garuda Construction and Engineering Limited - RHP,RHP,100.0,matched
Diffusion Engineers Ltd.,https://www.sebi.gov.in/sebi_data/attachdocs/sep-2024/1727091586968.pdf,Diffusion Engineers Limited - RHP,RHP,100.0,matched
KRN Heat Exchanger & Refrigeration Ltd.,https://www.sebi.gov.in/sebi_data/attachdocs/sep-2024/1726469612929.PDF,KRN Heat Exchanger and Refrigeration Limited - RHP,RHP,100.0,matched
Manba Finance Ltd.,https://www.sebi.gov.in/sebi_data/attachdocs/sep-2024/1726725137217.PDF,Manba Finance Limited - RHP,RHP,100.0,matched
Western Carriers (India) Ltd.,https://www.sebi.gov.in/sebi_data/attachdocs/sep-2024/1726741711448.pdf,Western Carriers (India) Limited- Addendum to RHP,RHP,100.0,matched
Arkade Developers Ltd.,https://www.sebi.gov.in/sebi_data/attachdocs/sep-2023/1693890814950.pdf,Arkade Developers Limited - DRHP,DRHP,100.0,matched
Northern Arc Capital Ltd.,https://www.sebi.gov.in/sebi_data/attachdocs/may-2024/1714644769495.pdf,Northern Arc Capital Limited - Addendum to DRHP,DRHP,100.0,matched
P N Gadgil Jewellers Ltd.,https://www.sebi.gov.in/sebi_data/attachdocs/sep-2024/1726037454249.pdf,P N Gadgil Jewellers Limited - RHP,RHP,100.0,matched
Bajaj Housing Finance Ltd.,https://www.sebi.gov.in/sebi_data/attachdocs/sep-2024/1725362749998.pdf,Bajaj Housing Finance Limited - Addendum to RHP,RHP,100.0,matched
Kross Ltd.,https://www.sebi.gov.in/sebi_data/attachdocs/sep-2024/1726136743993.pdf,Kross Limited - Corrigendum to the RHP,RHP,100.0,matched
Tolins Tyres Ltd.,https://www.sebi.gov.in/sebi_data/attachdocs/sep-2024/1725347968259.PDF,Tolins Tyres Limited - RHP,RHP,100.0,matched
Shree Tirupati Balajee Agro Trading Co.Ltd.,https://www.sebi.gov.in/sebi_data/attachdocs/sep-2024/1725266862342.pdf,Shree Tirupati Balajee Agro Trading Company Limited - RHP,RHP,90.9090909090909,matched
Gala Precision Engineering Ltd.,https://www.sebi.gov.in/sebi_data/attachdocs/aug-2024/1724823382668.pdf,Gala Precision Engineering Ltd - RHP,RHP,100.0,matched
Baazar Style Retail Ltd.,https://www.sebi.gov.in/sebi_data/attachdocs/aug-2024/1724823679366.pdf,Baazar Style Retail Limited - RHP,RHP,100.0,matched
ECOS (India) Mobility & Hospitality Ltd.,https://www.sebi.gov.in/sebi_data/attachdocs/sep-2024/1725610998123.pdf,ECOS India Mobility and Hospitality Limited - Corrigendum of RHP,RHP,100.0,matched
Premier Energies Ltd.,https://www.sebi.gov.in/sebi_data/attachdocs/aug-2024/1725009610554.PDF,Premier Energies Limited- Addendum to RHP,RHP,100.0,matched
Orient Technologies Ltd.,https://www.sebi.gov.in/sebi_data/attachdocs/aug-2024/1724646095681.pdf,Orient Technologies Limited - RHP,RHP,100.0,matched
Interarch Building Products Ltd.,https://www.sebi.gov.in/sebi_data/attachdocs/aug-2024/1723615638484.pdf,Interarch Building Products Limited - RHP,RHP,100.0,matched
Saraswati Saree Depot Ltd.,https://www.sebi.gov.in/sebi_data/attachdocs/aug-2024/1723030960396.pdf,Saraswati Saree Depot Limited - RHP,RHP,100.0,matched
Unicommerce eSolutions Ltd.,https://www.sebi.gov.in/sebi_data/attachdocs/aug-2024/1722916733179.pdf,Unicommerce eSolutions Limited - RHP,RHP,100.0,matched
Brainbees Solutions Ltd.,https://www.sebi.gov.in/sebi_data/attachdocs/aug-2024/1723181955525.pdf,Brainbees Solutions Limited - RHP,RHP,100.0,matched
Ola Electric Mobility Ltd.,https://www.sebi.gov.in/sebi_data/attachdocs/aug-2024/1724906275825.pdf,Ola Electric Mobility Limited - RHP,RHP,100.0,matched
Ceigall India Ltd.,https://www.sebi.gov.in/sebi_data/attachdocs/jul-2024/1722318178572.pdf,Ceigall India Limited-RHP,RHP,100.0,matched
Akums Drugs & Pharmaceuticals Ltd.,https://www.sebi.gov.in/sebi_data/attachdocs/jul-2024/1721886843693.pdf,Akums Drugs and Pharmaceuticals Limited - RHP,RHP,100.0,matched
Sanstar Ltd.,https://www.sebi.gov.in/sebi_data/attachdocs/jul-2024/1721020818790.PDF,Sanstar Limited - RHP,RHP,100.0,matched
Emcure Pharmaceuticals Ltd.,https://www.sebi.gov.in/sebi_data/attachdocs/jul-2024/1719893549592.pdf,Emcure Pharmaceuticals Limited - RHP,RHP,100.0,matched
Bansal Wire Industries Ltd.,https://www.sebi.gov.in/sebi_data/attachdocs/jun-2024/1719569701438.PDF,Bansal Wire Industries Limited,RHP,100.0,matched
Vraj Iron & Steel Ltd.,https://www.sebi.gov.in/sebi_data/attachdocs/jun-2024/1718797837949.PDF,Vraj Iron and Steel Limited- RHP,RHP,100.0,matched
Allied Blenders & Distillers Ltd.,https://www.sebi.gov.in/sebi_data/attachdocs/jan-2024/1705570293944.PDF,Allied Blenders and Distillers Limited - DRHP,DRHP,100.0,matched
Stanley Lifestyles Ltd.,https://www.sebi.gov.in/sebi_data/attachdocs/jun-2024/1718346721264.pdf,Stanley Lifestyles Limited- RHP,RHP,100.0,matched
DEE Development Engineers Ltd.,https://www.sebi.gov.in/sebi_data/attachdocs/jun-2024/1718187606313.pdf,DEE Development Engineers Limited - RHP,RHP,100.0,matched
Akme Fintrade (India) Ltd.,https://www.sebi.gov.in/sebi_data/attachdocs/jun-2024/1718361936444.pdf,Akme Fintrade India Limited - RHP,RHP,100.0,matched
Le Travenues Technology Ltd.,https://www.sebi.gov.in/sebi_data/attachdocs/jun-2024/1717763149391.PDF,Le Travenues Technology Limited - Addendum to RHP,RHP,100.0,matched
Kronox Lab Sciences Ltd.,https://www.sebi.gov.in/sebi_data/attachdocs/may-2024/1717154484685.PDF,Kronox Lab Sciences Limited - Corrigendum to RHP,RHP,100.0,matched
Awfis Space Solutions Ltd.,https://www.sebi.gov.in/sebi_data/attachdocs/may-2024/1716966721125.pdf,Awfis Space Solutions Limited - Addendum to RHP,RHP,100.0,matched
Go Digit General Insurance Ltd.,https://www.sebi.gov.in/sebi_data/attachdocs/may-2024/1715254865991.pdf,Go Digit General Insurance Limited - RHP,RHP,100.0,matched
TBO Tek Ltd.,https://www.sebi.gov.in/sebi_data/attachdocs/may-2024/1714644931824.PDF,TBO Tek Limited - RHP,RHP,100.0,matched
Aadhar Housing Finance Ltd.,https://www.sebi.gov.in/sebi_data/attachdocs/may-2024/1715237517797.pdf,Aadhar Housing Finance Limited - Addendum to RHP,RHP,100.0,matched
Indegene Ltd.,https://www.sebi.gov.in/sebi_data/attachdocs/may-2024/1714645058946.PDF,Indegene Limited - RHP,RHP,100.0,matched
JNK India Ltd.,https://www.sebi.gov.in/sebi_data/attachdocs/may-2024/1714978298669.pdf,JNK India Limited - RHP,RHP,100.0,matched
Bharti Hexacom Ltd.,https://www.sebi.gov.in/sebi_data/attachdocs/mar-2024/1711455735825.pdf,Bharti Hexacom Limited - RHP,RHP,100.0,matched
SRM Contractors Ltd.,https://www.sebi.gov.in/sebi_data/attachdocs/mar-2024/1711008597848.pdf,SRM Contractors Limited - RHP,RHP,100.0,matched
Krystal Integrated Services Ltd.,https://www.sebi.gov.in/sebi_data/attachdocs/mar-2024/1709639588672.pdf,Krystal Integrated Services Limited - RHP,RHP,100.0,matched
Popular Vehicles & Services Ltd.,https://www.sebi.gov.in/sebi_data/attachdocs/mar-2024/1709639538642.pdf,Popular Vehicles and Services Ltd - RHP,RHP,100.0,matched
Gopal Snacks Ltd.,https://www.sebi.gov.in/sebi_data/attachdocs/feb-2024/1709205066977.pdf,Gopal Snacks Limited - RHP,RHP,100.0,matched
J.G.Chemicals Ltd.,https://www.sebi.gov.in/sebi_data/attachdocs/feb-2024/1709189258206.pdf,J.G.Chemicals Limited - Red Herring Prospectus,RHP,100.0,matched
R K SWAMY Ltd.,https://www.sebi.gov.in/sebi_data/attachdocs/feb-2024/1709027615784.pdf,R K Swamy Limited - Red Herring Prospectus,RHP,100.0,matched
Mukka Proteins Ltd.,https://www.sebi.gov.in/sebi_data/attachdocs/feb-2024/1709007228279.pdf,Mukka Proteins Limited - RHP,RHP,100.0,matched
Platinum Industries Ltd.,https://www.sebi.gov.in/sebi_data/attachdocs/feb-2024/1708515461718.pdf,Platinum Industries Limited - RHP,RHP,100.0,matched
Exicom Tele-Systems Ltd.,https://www.sebi.gov.in/sebi_data/attachdocs/feb-2024/1709099653581.pdf,Exicom Tele-Systems Limited - Corrigendum,RHP,100.0,matched
GPT Healthcare Ltd.,https://www.sebi.gov.in/sebi_data/attachdocs/feb-2024/1708491540579.pdf,GPT Healthcare Limited - RHP,RHP,100.0,matched
Juniper Hotels Ltd.,https://www.sebi.gov.in/sebi_data/attachdocs/feb-2024/1707912870613.pdf,Juniper Hotels Limited - RHP,RHP,100.0,matched
Vibhor Steel Tubes Ltd.,https://www.sebi.gov.in/sebi_data/attachdocs/feb-2024/1707296423350.pdf,Vibhor Steel Tubes Limited - RHP,RHP,100.0,matched
Entero Healthcare Solutions Ltd.,https://www.sebi.gov.in/sebi_data/attachdocs/feb-2024/1707289598503.PDF,Entero Healthcare Solutions Limited - RHP,RHP,100.0,matched
Rashi Peripherals Ltd.,https://www.sebi.gov.in/sebi_data/attachdocs/jan-2024/1706701635997.pdf,Rashi Peripherals Limited - RHP,RHP,100.0,matched
Jana Small Finance Bank Ltd.,https://www.sebi.gov.in/sebi_data/attachdocs/feb-2024/1706862768426.pdf,Jana Small Finance Bank Limited - RHP,RHP,100.0,matched
Capital Small Finance Bank Ltd.,https://www.sebi.gov.in/sebi_data/attachdocs/feb-2024/1707289515238.PDF,Capital Small Finance Bank Limited - Corrigendum to RHP,RHP,100.0,matched
Apeejay Surrendra Park Hotels Ltd.,https://www.sebi.gov.in/sebi_data/attachdocs/feb-2024/1706881521012.pdf,Apeejay Surrendra Park Hotels Limited - RHP,RHP,100.0,matched
BLS E-Services Ltd.,https://www.sebi.gov.in/sebi_data/attachdocs/jan-2024/1706593918797.pdf,BLS E-Services Limited - RHP,RHP,100.0,matched
Nova AgriTech Ltd.,https://www.sebi.gov.in/sebi_data/attachdocs/jan-2024/1705387305358.PDF,Nova Agritech Limited - RHP,RHP,100.0,matched
EPACK Durable Ltd.,https://www.sebi.gov.in/sebi_data/attachdocs/jan-2024/1705485099785.pdf,EPACK Durable Limited - RHP,RHP,100.0,matched
Medi Assist Healthcare Services Ltd.,https://www.sebi.gov.in/sebi_data/attachdocs/jan-2024/1705061039429.pdf,Medi Assist Healthcare Services Limited - Addendum to RHP,RHP,100.0,matched
Jyoti CNC Automation Ltd.,https://www.sebi.gov.in/sebi_data/attachdocs/jan-2024/1704264238025.PDF,Jyoti CNC Automation Limited - RHP,RHP,100.0,matched
Gujarat Kidney & Super Speciality Ltd.,https://www.sebi.gov.in/sebi_data/attachdocs/apr-2025/1743593404826_755.pdf,GUJARAT KIDNEY AND SUPER SPECIALITY LIMITED,DRHP,100.0,matched
KSH International Ltd.,https://www.sebi.gov.in/sebi_data/attachdocs/dec-2025/1765787613227.PDF,KSH INTERNATIONAL LIMITED,RHP,100.0,matched
ICICI Prudential Asset Management Co.Ltd.,https://www.sebi.gov.in/sebi_data/attachdocs/dec-2025/1765187752666.PDF,ICICI Prudential Asset Management Company Limited - RHP,RHP,90.41095890410959,matched
Park Medi World Ltd.,https://www.sebi.gov.in/sebi_data/attachdocs/dec-2025/1764926414913.pdf,PARK MEDI WORLD LIMITED,RHP,100.0,matched
Nephrocare Health Services Ltd.,https://www.sebi.gov.in/sebi_data/attachdocs/dec-2025/1764758442229.pdf,Nephrocare Health Services Limited - RHP,RHP,100.0,matched
Corona Remedies Ltd.,https://www.sebi.gov.in/sebi_data/attachdocs/dec-2025/1764758345331.pdf,CORONA Remedies Limited - RHP,RHP,100.0,matched
Wakefit Innovations Ltd.,https://www.sebi.gov.in/sebi_data/attachdocs/dec-2025/1764743412635.pdf,Wakefit Innovations Limited - RHP,RHP,100.0,matched
Vidya Wires Ltd.,https://www.sebi.gov.in/sebi_data/attachdocs/dec-2025/1764671022304.pdf,Vidya Wires Limited - RHP,RHP,100.0,matched
Aequs Ltd.,https://www.sebi.gov.in/sebi_data/attachdocs/dec-2025/1765169850233.pdf,Aequs Limited - Addendum to RHP,RHP,100.0,matched
Meesho Ltd.,https://www.sebi.gov.in/sebi_data/attachdocs/nov-2025/1764314864285.pdf,Meesho Limited -RHP,RHP,100.0,matched
Sudeep Pharma Ltd.,https://www.sebi.gov.in/sebi_data/attachdocs/nov-2025/1763445573741.pdf,Sudeep Pharma Limited - RHP,RHP,100.0,matched
Excelsoft Technologies Ltd.,https://www.sebi.gov.in/sebi_data/attachdocs/nov-2025/1762922854188.pdf,Excelsoft Technologies Limited - RHP,RHP,100.0,matched
Capillary Technologies India Ltd.,https://www.sebi.gov.in/sebi_data/attachdocs/feb-2026/1771412127454.pdf,Capillary Technologies India Limited - Corrigendum to RHP,RHP,100.0,matched
Fujiyama Power Systems Ltd.,https://www.sebi.gov.in/sebi_data/attachdocs/dec-2025/1764670953288.pdf,Fujiyama Power Systems Limited - RHP,RHP,100.0,matched
Tenneco Clean Air India Ltd.,https://www.sebi.gov.in/sebi_data/attachdocs/jul-2025/1751887810927_851.pdf,TENNECO CLEAN AIR INDIA LIMITED,DRHP,100.0,matched
PhysicsWallah Ltd.,https://www.sebi.gov.in/sebi_data/attachdocs/nov-2025/1762496128413.pdf,Physicswallah Limited - RHP,RHP,100.0,matched
Emmvee Photovoltaic Power Ltd.,https://www.sebi.gov.in/sebi_data/attachdocs/nov-2025/1762843611096.pdf,Emmvee Photovoltaic Power Limited -RHP,RHP,100.0,matched
Pine Labs Ltd.,https://www.sebi.gov.in/sebi_data/attachdocs/nov-2025/1762145921051.pdf,Pine Labs Ltd - RHP,RHP,100.0,matched
Billionbrains Garage Ventures Ltd.,https://www.sebi.gov.in/sebi_data/attachdocs/nov-2025/1762488907799.pdf,Billionbrains Garage Ventures Limited RHP,RHP,100.0,matched
Lenskart Solutions Ltd.,https://www.sebi.gov.in/sebi_data/attachdocs/oct-2025/1761809464068.pdf,Lenskart Solutions Limited - Addendum to RHP,RHP,100.0,matched
Studds Accessories Ltd.,https://www.sebi.gov.in/sebi_data/attachdocs/mar-2025/1743161406536_743.pdf,Studds Accessories Limited,DRHP,100.0,matched
Orkla India Ltd.,https://www.sebi.gov.in/sebi_data/attachdocs/nov-2025/1763620246979.pdf,Orkla India Limited - RHP,RHP,100.0,matched
Midwest Ltd.,https://www.sebi.gov.in/sebi_data/attachdocs/oct-2025/1760444763663.pdf,Midwest Limited - Addendum to RHP,RHP,100.0,matched
Canara HSBC Life Insurance Co.Ltd.,https://www.sebi.gov.in/sebi_data/attachdocs/oct-2025/1759895874584.pdf,Canara HSBC Life Insurance Company Limited - RHP,RHP,88.13559322033899,matched
Rubicon Research Ltd.,https://www.sebi.gov.in/sebi_data/attachdocs/oct-2025/1759837350026.pdf,Rubicon Research Limited - RHP,RHP,100.0,matched
Canara Robeco Asset Management Co.Ltd.,https://www.sebi.gov.in/sebi_data/attachdocs/oct-2025/1760007284479.pdf,Canara Robeco Asset Management Company Limited - RHP,RHP,89.55223880597015,matched
LG Electronics India Ltd.,https://www.sebi.gov.in/sebi_data/attachdocs/oct-2025/1759464583235.pdf,LG Electronics India Limited - RHP,RHP,100.0,matched
Tata Capital Ltd.,https://www.sebi.gov.in/sebi_data/attachdocs/sep-2025/1759136346791.pdf,Tata Capital Limited - RHP,RHP,100.0,matched
WeWork India Management Ltd.,https://www.sebi.gov.in/sebi_data/attachdocs/oct-2025/1759295531324.pdf,WeWork India Management Limited - Addendum to RHP,RHP,100.0,matched
Advance Agrolife Ltd.,https://www.sebi.gov.in/sebi_data/attachdocs/sep-2025/1758513849605.pdf,Advance Agrolife Limited - RHP,RHP,100.0,matched
Om Freight Forwarders Ltd.,https://www.sebi.gov.in/sebi_data/attachdocs/sep-2025/1759212079667.pdf,Om Freight Forwarders Limited - RHP,RHP,100.0,matched
Glottis Ltd.,https://www.sebi.gov.in/sebi_data/attachdocs/sep-2025/1759211081569.pdf,Glottis Limited - RHP,RHP,100.0,matched
Fabtech Technologies Ltd.,https://www.sebi.gov.in/sebi_data/attachdocs/sep-2025/1759213834163.pdf,Fabtech Technologies Limited - RHP,RHP,100.0,matched
Pace Digitek Ltd.,https://www.sebi.gov.in/sebi_data/attachdocs/sep-2025/1758518940679.pdf,Pace Digitek Limited - RHP,RHP,100.0,matched
Trualt Bioenergy Ltd.,https://www.sebi.gov.in/sebi_data/attachdocs/sep-2025/1759213197626.pdf,TruAlt Bioenergy Limited - RHP,RHP,100.0,matched
Jinkushal Industries Ltd.,https://www.sebi.gov.in/sebi_data/attachdocs/sep-2025/1757995566919.pdf,Jinkushal Industries Limited - RHP,RHP,100.0,matched
Epack Prefab Technologies Ltd.,https://www.sebi.gov.in/sebi_data/attachdocs/nov-2023/1700031801352.pdf,Tata Technologies Limited - RHP,RHP,100.0,matched
BMW Ventures Ltd.,https://www.sebi.gov.in/sebi_data/attachdocs/sep-2025/1758515913719.pdf,BMW Ventures Limited - RHP,RHP,100.0,matched
Jain Resource Recycling Ltd.,https://www.sebi.gov.in/sebi_data/attachdocs/sep-2025/1758262501785.pdf,Jain Resource Recycling Limited - RHP,RHP,100.0,matched
Anand Rathi Share & Stock Brokers Ltd.,,Emkay Share and Stock Brokers Limited,RHP,100.0,matched_no_pdf_url
Seshaasai Technologies Ltd.,https://www.sebi.gov.in/sebi_data/attachdocs/sep-2025/1758538882282.PDF,Seshaasai Technologies Limited RHP,RHP,100.0,matched
Jaro Institute of Technology Management & Research Ltd.,https://www.sebi.gov.in/sebi_data/attachdocs/dec-2025/1764670898794.pdf,Jaro Institute of Technology Management and Research Limited - RHP,RHP,100.0,matched
Solarworld Energy Solutions Ltd.,https://www.sebi.gov.in/sebi_data/attachdocs/oct-2025/1759827896999.pdf,Solarworld Energy Solutions Limited - RHP,RHP,100.0,matched
Atlanta Electricals Ltd.,,Atlanta Limited,RHP,100.0,matched_no_pdf_url
Ganesh Consumer Products Ltd.,https://www.sebi.gov.in/sebi_data/attachdocs/sep-2025/1758515635205.pdf,Ganesh Consumer Products Limited - Addendum to RHP,RHP,100.0,matched
GK Energy Ltd.,https://www.sebi.gov.in/sebi_data/attachdocs/sep-2025/1758017880483.pdf,GK Energy Limited - RHP,RHP,100.0,matched
Saatvik Green Energy Ltd.,https://www.sebi.gov.in/sebi_data/attachdocs/sep-2025/1758262557157.pdf,Saatvik Green Energy Limited - RHP,RHP,100.0,matched
Ivalue Infosolutions Ltd.,https://www.sebi.gov.in/sebi_data/attachdocs/sep-2025/1758005828714.pdf,Ivalue Infosolutions Limited - RHP,RHP,100.0,matched
VMS TMT Ltd.,https://www.sebi.gov.in/sebi_data/attachdocs/sep-2025/1757590797505.pdf,VMS TMT Limited - RHP,RHP,100.0,matched
Euro Pratik Sales Ltd.,https://www.sebi.gov.in/sebi_data/attachdocs/sep-2025/1757407216296.pdf,Euro Pratik Sales Limited - RHP,RHP,100.0,matched
Shringar House of Mangalsutra Ltd.,https://www.sebi.gov.in/sebi_data/attachdocs/sep-2025/1757410410192.pdf,Shringar House of Mangalsutra Limited - RHP,RHP,100.0,matched
Dev Accelerator Ltd.,https://www.sebi.gov.in/sebi_data/attachdocs/sep-2025/1756961828468.pdf,Dev Accelerator Limited - RHP,RHP,100.0,matched
Urban Co.Ltd.,,,,66.66666666666666,unmatched
Amanta Healthcare Ltd.,https://www.sebi.gov.in/sebi_data/attachdocs/feb-2024/1708491540579.pdf,GPT Healthcare Limited - RHP,RHP,100.0,matched
Anlon Healthcare Ltd.,https://www.sebi.gov.in/sebi_data/attachdocs/aug-2025/1755835938394.pdf,Anlon Healthcare Limited - RHP,RHP,100.0,matched
Vikran Engineering Ltd.,https://www.sebi.gov.in/sebi_data/attachdocs/aug-2025/1755769672947.pdf,Vikran Engineering Limited - RHP,RHP,100.0,matched
Mangal Electrical Industries Ltd.,https://www.sebi.gov.in/sebi_data/attachdocs/aug-2025/1755684239451.pdf,Mangal Electrical Industries Limited - RHP,RHP,100.0,matched
Shreeji Shipping Global Ltd.,https://www.sebi.gov.in/sebi_data/attachdocs/aug-2025/1755853835516.pdf,Shreeji Shipping Global Limited Limited - RHP,RHP,100.0,matched
Gem Aromatics Ltd.,https://www.sebi.gov.in/sebi_data/attachdocs/aug-2025/1755077055708.pdf,Gem Aromatics Limited - RHP,RHP,100.0,matched
Vikram Solar Ltd.,https://www.sebi.gov.in/sebi_data/attachdocs/aug-2025/1755497197477.pdf,Vikram Solar Limited – Second Addendum to RHP,RHP,100.0,matched
Patel Retail Ltd.,https://www.sebi.gov.in/sebi_data/attachdocs/aug-2025/1756114035182.PDF,Patel Retail Limited - RHP,RHP,100.0,matched
Regaal Resources Ltd.,https://www.sebi.gov.in/sebi_data/attachdocs/aug-2025/1754556229216.pdf,Regaal Resources Limited RHP,RHP,100.0,matched
BlueStone Jewellery & Lifestyle Ltd.,https://www.sebi.gov.in/sebi_data/attachdocs/aug-2025/1754457447691.pdf,Bluestone Jewellery and Lifestyle Limited RHP,RHP,100.0,matched
All Time Plastics Ltd.,https://www.sebi.gov.in/sebi_data/attachdocs/aug-2025/1754306766805.pdf,All Time Plastics Limited RHP,RHP,100.0,matched
JSW Cement Ltd.,https://www.sebi.gov.in/sebi_data/attachdocs/aug-2025/1754306712390.pdf,JSW Cement Limited RHP,RHP,100.0,matched
Highway Infrastructure Ltd.,https://www.sebi.gov.in/sebi_data/attachdocs/jul-2025/1753444721877.pdf,Highway Infrastructure Limited - RHP,RHP,100.0,matched
Sri Lotus Developers & Realty Ltd.,https://www.sebi.gov.in/sebi_data/attachdocs/jan-2025/1736213406100_638.pdf,SRI LOTUS DEVELOPERS AND REALTY LIMITED,DRHP,100.0,matched
M&B Engineering Ltd.,https://www.sebi.gov.in/sebi_data/attachdocs/jul-2025/1753421979117.pdf,M&B Engineering Limited - RHP,RHP,100.0,matched
National Securities Depository Ltd.,https://www.sebi.gov.in/sebi_data/attachdocs/jul-2025/1753442041959.PDF,National Securities Depository Limited - RHP,RHP,100.0,matched
Laxmi India Finance Ltd.,https://www.sebi.gov.in/sebi_data/attachdocs/jul-2025/1753440368992.pdf,Laxmi India Finance Limited - Corrigendum to RHP,RHP,100.0,matched
Aditya Infotech Ltd.,https://www.sebi.gov.in/sebi_data/attachdocs/jul-2025/1753782855015.pdf,Aditya Infotech Limited - RHP,RHP,100.0,matched
Shanti Gold International Ltd.,https://www.sebi.gov.in/sebi_data/attachdocs/jul-2025/1753333964063.pdf,Shanti Gold International Limited - RHP,RHP,100.0,matched
Brigade Hotel Ventures Ltd.,https://www.sebi.gov.in/sebi_data/attachdocs/jul-2025/1753444798777.pdf,Brigade Hotel Ventures Limited- RHP,RHP,100.0,matched
Indiqube Spaces Ltd.,https://www.sebi.gov.in/sebi_data/attachdocs/jul-2025/1753677505359.pdf,Indiqube Spaces Limited- RHP,RHP,100.0,matched
GNG Electronics Ltd.,https://www.sebi.gov.in/sebi_data/attachdocs/jul-2025/1752841753123.pdf,GNG Electronics Limited - RHP,RHP,100.0,matched
Anthem Biosciences Ltd.,https://www.sebi.gov.in/sebi_data/attachdocs/jul-2025/1752472016917.pdf,Anthem Biosciences Limited - Corrigendum to RHP,RHP,100.0,matched
Smartworks Coworking Spaces Ltd.,https://www.sebi.gov.in/sebi_data/attachdocs/jul-2025/1752231195904.pdf,Smartworks Coworking Spaces Limited - Addendum to RHP,RHP,100.0,matched
Travel Food Services Ltd.,https://www.sebi.gov.in/sebi_data/attachdocs/jul-2025/1752041120177.pdf,Travel Food Services Limited - RHP,RHP,100.0,matched
Crizac Ltd.,https://www.sebi.gov.in/sebi_data/attachdocs/jul-2025/1752043851362.pdf,Crizac Limited - RHP,RHP,100.0,matched
Indogulf Cropsciences Ltd.,https://www.sebi.gov.in/sebi_data/attachdocs/jul-2025/1752148003472.pdf,INDOGULF CROPSCIENCES LIMITED  - RHP,RHP,100.0,matched
Sambhv Steel Tubes Ltd.,https://www.sebi.gov.in/sebi_data/attachdocs/jun-2025/1750410261709.PDF,Sambhv Steel Tubes Limited - RHP,RHP,100.0,matched
HDB Financial Services Ltd.,https://www.sebi.gov.in/sebi_data/attachdocs/jun-2025/1750416234954.PDF,HDB Financial Services Limited - RHP,RHP,100.0,matched
Globe Civil Projects Ltd.,https://www.sebi.gov.in/sebi_data/attachdocs/jun-2025/1750236077442.pdf,Globe Civil Projects Limited - RHP,RHP,100.0,matched
Ellenbarrie Industrial Gases Ltd.,https://www.sebi.gov.in/sebi_data/attachdocs/jul-2025/1753782793882.pdf,Ellenbarrie Industrial Gases Limited -  RHP,RHP,100.0,matched
Kalpataru Ltd.,https://www.sebi.gov.in/sebi_data/attachdocs/jul-2025/1751369309064.pdf,Kalpataru Limited  - Corrigendum to RHP,RHP,100.0,matched
Arisinfra Solutions Ltd.,https://www.sebi.gov.in/sebi_data/attachdocs/jun-2025/1749721951198.pdf,Arisinfra Solutions Limited - RHP,RHP,100.0,matched
Oswal Pumps Ltd.,https://www.sebi.gov.in/sebi_data/attachdocs/jun-2025/1749806765268.pdf,Addendum to Red Herring prospectus of Oswal Pumps Limited,RHP,100.0,matched
Scoda Tubes Ltd.,https://www.sebi.gov.in/sebi_data/attachdocs/may-2025/1748249097860.pdf,Scoda Tubes Limited - RHP,RHP,100.0,matched
Prostarm Info Systems Ltd.,https://www.sebi.gov.in/sebi_data/attachdocs/may-2025/1747975333141.pdf,Prostarm Info Systems Limited - RHP,RHP,100.0,matched
Aegis Vopak Terminals Ltd.,https://www.sebi.gov.in/sebi_data/attachdocs/may-2025/1747907426089.pdf,AEGIS VOPAK TERMINALS LIMITED - RHP,RHP,100.0,matched
Schloss Bangalore Ltd.,https://www.sebi.gov.in/sebi_data/attachdocs/may-2025/1747801237108.PDF,Schloss Bangalore Limited - RHP,RHP,100.0,matched
Belrise Industries Ltd.,https://www.sebi.gov.in/sebi_data/attachdocs/may-2025/1747993709745.pdf,Belrise Industries Limited - RHP,RHP,100.0,matched
Borana Weaves Ltd.,https://www.sebi.gov.in/sebi_data/attachdocs/may-2025/1747740063123.pdf,Borana Weaves Limited - RHP,RHP,100.0,matched
Ather Energy Ltd.,https://www.sebi.gov.in/sebi_data/attachdocs/apr-2025/1745402636567.pdf,Ather Energy Limited - RHP,RHP,100.0,matched
Quality Power Electrical Equipments Ltd.,https://www.sebi.gov.in/sebi_data/attachdocs/feb-2025/1739254208982.pdf,Quality Power Electrical Equipments Limited - RHP,RHP,100.0,matched
Hexaware Technologies Ltd.,https://www.sebi.gov.in/sebi_data/attachdocs/mar-2025/1742984113228.pdf,Hexaware Technologies - Red Herring Prospectus,RHP,100.0,matched
Ajax Engineering Ltd.,https://www.sebi.gov.in/sebi_data/attachdocs/feb-2025/1738739711188.PDF,Ajax Engineering Ltd- RHP,RHP,100.0,matched
Dr.Agarwal's Health Care Ltd.,https://www.sebi.gov.in/sebi_data/attachdocs/oct-2024/1727832657268_525.pdf,Dr. Agarwal's Health Care Limited,DRHP,100.0,matched
Denta Water & Infra Solutions Ltd.,https://www.sebi.gov.in/sebi_data/attachdocs/jan-2025/1737109190616.pdf,Denta Water and Infra Solutions Limited - RHP,RHP,100.0,matched
Stallion India Fluorochemicals Ltd.,https://www.sebi.gov.in/sebi_data/attachdocs/jan-2025/1736846182611.pdf,Stallion India Fluorochemicals Limited- RHP,RHP,100.0,matched
Laxmi Dental Ltd.,https://www.sebi.gov.in/sebi_data/attachdocs/jan-2025/1736311955438.pdf,Laxmi Dental Limited - RHP,RHP,100.0,matched
Quadrant Future Tek Ltd.,https://www.sebi.gov.in/sebi_data/attachdocs/jan-2025/1736743968825.pdf,Quadrant Future Tek Limited - RHP,RHP,100.0,matched
Standard Glass Lining Technology Ltd.,https://www.sebi.gov.in/sebi_data/attachdocs/dec-2024/1735643697185.pdf,Standard Glass Lining Technology Limited - RHP,RHP,100.0,matched
Indo Farm Equipment Ltd.,https://www.sebi.gov.in/sebi_data/attachdocs/dec-2024/1734942895551.PDF,Indo Farm Equipment Limited - RHP,RHP,100.0,matched
Knack Packaging Ltd.,https://www.sebi.gov.in/sebi_data/attachdocs/jun-2026/1782280802990.pdf,KNACK PACKAGING LIMITED,RHP,100.0,matched
Aastha Spintex Ltd.,https://www.sebi.gov.in/sebi_data/attachdocs/jun-2026/1781869083029.pdf,Aastha Spintex Limited - RHP,RHP,100.0,matched
CSM Technologies Ltd.,https://www.sebi.gov.in/sebi_data/attachdocs/jun-2026/1781764030986.pdf,CSM Technologies Limited - RHPCSM Technologies Limited - Abridged Prospectus,RHP,100.0,matched
Waterways Leisure Tourism Ltd.,https://www.sebi.gov.in/sebi_data/attachdocs/jun-2026/1781847582286.pdf,Waterways Leisure Tourism Limited- RHPWaterways Leisure Tourism Limited- Abridged Prospectus,RHP,100.0,matched
Advit Jewels Ltd.,https://www.sebi.gov.in/sebi_data/attachdocs/jun-2026/1781167820257.pdf,Advit Jewels Limited - RHPAdvit Jewels Limited - Abridged Prospectus,RHP,100.0,matched
Turtlemint Fintech Solutions Ltd.,https://www.sebi.gov.in/sebi_data/attachdocs/jun-2026/1782360359999.pdf,Turtlemint Fintech Solutions Limited - Corrigendum to RHP,RHP,100.0,matched
Hexagon Nutrition Ltd.,https://www.sebi.gov.in/sebi_data/attachdocs/jun-2026/1780547829190.pdf,Hexagon Nutrition Limited - RHP,RHP,100.0,matched
CMR Green Technologies Ltd.,https://www.sebi.gov.in/sebi_data/attachdocs/nov-2023/1700031801352.pdf,Tata Technologies Limited - RHP,RHP,100.0,matched
OnEMI Technology Solutions Ltd.,https://www.sebi.gov.in/sebi_data/attachdocs/jun-2026/1781763229125.pdf,OnEMI Technology Solutions Limited - RHP,RHP,100.0,matched
Om Power Transmission Ltd.,https://www.sebi.gov.in/sebi_data/attachdocs/apr-2026/1775630252931.pdf,Om Power Transmission Limited - RHP,RHP,100.0,matched
Amir Chand Jagdish Kumar (Exports) Ltd.,https://www.sebi.gov.in/sebi_data/attachdocs/jul-2025/1751542207660_845.pdf,AMIR CHAND JAGDISH KUMAR EXPORTS LIMITED,DRHP,100.0,matched
Powerica Ltd.,https://www.sebi.gov.in/sebi_data/attachdocs/mar-2026/1773810485107.PDF,Powerica Limited - RHP,RHP,100.0,matched
Sai Parenteral's Ltd.,https://www.sebi.gov.in/sebi_data/attachdocs/mar-2026/1773730122993.pdf,Sai Parenteral’s Limited - RHP,RHP,100.0,matched
Central Mine Planning & Design Institute Ltd.,https://www.sebi.gov.in/sebi_data/attachdocs/mar-2026/1773394311147.pdf,Central Mine Planning & Design Institute Limited - RHP,RHP,100.0,matched
GSP Crop Science Ltd.,https://www.sebi.gov.in/sebi_data/attachdocs/mar-2026/1773209595346.pdf,GSP Crop Science Limited - RHP,RHP,100.0,matched
Innovision Ltd.,https://www.sebi.gov.in/sebi_data/attachdocs/mar-2026/1773123105242.pdf,Innovision Limited - corrigendum to RHP,RHP,100.0,matched
Rajputana Stainless Ltd.,https://www.sebi.gov.in/sebi_data/attachdocs/mar-2026/1772451212571.pdf,Rajputana Stainless Limited - RHP,RHP,100.0,matched
SEDEMAC Mechatronics Ltd.,https://www.sebi.gov.in/sebi_data/attachdocs/mar-2026/1773656117962.PDF,SEDEMAC MECHATRONICS LIMITED - RHP,RHP,100.0,matched
Omnitech Engineering Ltd.,https://www.sebi.gov.in/sebi_data/attachdocs/feb-2026/1771933506852.pdf,Omnitech Engineering Limited - RHP,RHP,100.0,matched
PNGS Reva Diamond Jewellery Ltd.,https://www.sebi.gov.in/sebi_data/attachdocs/feb-2026/1770784868359.pdf,PNGS Reva Diamond Jewellery Limited RHP,RHP,100.0,matched
Shree Ram Twistex Ltd.,https://www.sebi.gov.in/sebi_data/attachdocs/feb-2026/1770985559934.pdf,Shree Ram Twistex Limited - RHP,RHP,100.0,matched
Clean Max Enviro Energy Solutions Ltd.,https://www.sebi.gov.in/sebi_data/attachdocs/feb-2026/1771319140347.pdf,Clean Max Enviro Energy Solutions Limited - RHP,RHP,100.0,matched
Gaudium IVF & Women Health Ltd.,https://www.sebi.gov.in/sebi_data/attachdocs/nov-2025/1762428605879_1024.pdf,GAUDIUM IVF AND WOMEN HEALTH LIMITED,DRHP,100.0,matched
Aye Finance Ltd.,https://www.sebi.gov.in/sebi_data/attachdocs/feb-2026/1770184226289.pdf,Aye Finance Limited - RHP,RHP,100.0,matched
Fractal Analytics Ltd.,https://www.sebi.gov.in/sebi_data/attachdocs/feb-2026/1770610090624.pdf,Fractal  Analytics LTD - RHP,RHP,100.0,matched
Shadowfax Technologies Ltd.,https://www.sebi.gov.in/sebi_data/attachdocs/jan-2026/1768800907928.pdf,Shadowfax Technologies Limited - RHP,RHP,100.0,matched
Amagi Media Labs Ltd.,https://www.sebi.gov.in/sebi_data/attachdocs/mar-2026/1772446749552.pdf,Amagi Media Labs Limited,RHP,100.0,matched
Bharat Coking Coal Ltd.,https://www.sebi.gov.in/sebi_data/attachdocs/jan-2026/1767954211792.pdf,Bharat Coking Coal Limited - Addendum cum Corrigendum,RHP,100.0,matched
